"","Var1","Var2","value"
"2","SGP","SWE",0.120015829578635
"3","PRT","SWE",0.0981277623698559
"4","NOR","SWE",0.0856218813202086
"5","NLD","SWE",0.038821596142108
"6","JPN","SWE",0.0729317391164819
"7","ITA","SWE",0.0227886440647747
"8","IRL","SWE",0.140974838319914
"9","HKG","SWE",0.0936476564442898
"10","GBR","SWE",0.0418061374865171
"11","FRA","SWE",0.0157525206523301
"12","FIN","SWE",0.0144593374668496
"13","ESP","SWE",0.0577736080722787
"14","DNK","SWE",0.0421169984803694
"15","DEU","SWE",0.0237977948173131
"16","BEL","SWE",0.0361710396662175
"17","AUT","SWE",0.0413858868085145
"18","AUS","SWE",0.0744376596788172
"19","ZAF","SWE",0.0605610070771417
"20","TUR","SWE",0.149997176216628
"21","THA","SWE",0.0939411330454146
"22","SAU","SWE",0.156477546148449
"23","PHL","SWE",0.0807821478877756
"24","PER","SWE",0.12852772261826
"25","PAK","SWE",0.0617275618707854
"26","MYS","SWE",0.0813490651650349
"27","MEX","SWE",0.0522330215222656
"28","KOR","SWE",0.147005046870271
"29","IND","SWE",0.135873121520285
"30","IDN","SWE",0.176145045314056
"31","EGY","SWE",0.0764648902025378
"32","COL","SWE",0.106326657084123
"33","CHN","SWE",0.389035611658339
"34","CHL","SWE",0.132260743811215
"35","BRA","SWE",0.114896586156253
"36","ARG","SWE",0.0463389762881491
"37","OMN","SWE",0.0761283842405115
"38","KEN","SWE",0.0964073742710043
"39","NGA","SWE",0.170434610763916
"40","MAR","SWE",0.0338822419092645
"41","TUN","SWE",0.0289229949203222
"42","BGD","SWE",0.143993404884009
"43","LKA","SWE",0.228857593060305
"44","JAM","SWE",0.0558456615316625
"45","PAN","SWE",0.0994239114690109
"46","TTO","SWE",0.0892085454878195
"47","BWA","SWE",0.0478546990922697
"48","ZWE","SWE",0.231421782585154
"49","SWE","SGP",0.120015829578635
"51","PRT","SGP",0.0664155192192685
"52","NOR","SGP",0.0539594239853157
"53","NLD","SGP",0.0857454079826799
"54","JPN","SGP",0.165399803543719
"55","ITA","SGP",0.115649721592775
"56","IRL","SGP",0.044558488232526
"57","HKG","SGP",0.0654744582640735
"58","GBR","SGP",0.106851732492489
"59","FRA","SGP",0.114249313517826
"60","FIN","SGP",0.112847647483384
"61","ESP","SGP",0.0816740501007284
"62","DNK","SGP",0.0797889278240842
"63","DEU","SGP",0.105527236731868
"64","BEL","SGP",0.0901091929880901
"65","AUT","SGP",0.0849713695128123
"66","AUS","SGP",0.0871685214792113
"67","ZAF","SGP",0.157394088744392
"68","TUR","SGP",0.0592542516742209
"69","THA","SGP",0.0435018460279626
"70","SAU","SGP",0.237574225173177
"71","PHL","SGP",0.0905535012612537
"72","PER","SGP",0.0459392363489769
"73","PAK","SGP",0.125249952770769
"74","MYS","SGP",0.0619747919190717
"75","MEX","SGP",0.0879135745540919
"76","KOR","SGP",0.0437678794175145
"77","IND","SGP",0.0812138600090332
"78","IDN","SGP",0.0804839650003558
"79","EGY","SGP",0.092769440873854
"80","COL","SGP",0.0623687800898663
"81","CHN","SGP",0.29439001034207
"82","CHL","SGP",0.0377881091993434
"83","BRA","SGP",0.0489030892370888
"84","ARG","SGP",0.138723694932985
"85","OMN","SGP",0.151530134448648
"86","KEN","SGP",0.145505621107751
"87","NGA","SGP",0.240944904841401
"88","MAR","SGP",0.110037169634129
"89","TUN","SGP",0.109872886373872
"90","BGD","SGP",0.0796064078913922
"91","LKA","SGP",0.133196512746604
"92","JAM","SGP",0.0813758437324703
"93","PAN","SGP",0.105496889774057
"94","TTO","SGP",0.151522864385884
"95","BWA","SGP",0.0784900993093832
"96","ZWE","SGP",0.34220830948808
"97","SWE","PRT",0.0981277623698559
"98","SGP","PRT",0.0664155192192685
"100","NOR","PRT",0.0424733701798976
"101","NLD","PRT",0.062180012482089
"102","JPN","PRT",0.133239404320254
"103","ITA","PRT",0.0866759640637708
"104","IRL","PRT",0.0667687316671486
"105","HKG","PRT",0.0318432366078372
"106","GBR","PRT",0.0590871941567196
"107","FRA","PRT",0.0907187479024089
"108","FIN","PRT",0.0936836551798865
"109","ESP","PRT",0.0420001802656109
"110","DNK","PRT",0.0568514058556249
"111","DEU","PRT",0.0845621323205376
"112","BEL","PRT",0.0639201548790766
"113","AUT","PRT",0.0594725271223063
"114","AUS","PRT",0.0733312284102618
"115","ZAF","PRT",0.138879808941228
"116","TUR","PRT",0.0961097438863002
"117","THA","PRT",0.0676493772881684
"118","SAU","PRT",0.228126946672933
"119","PHL","PRT",0.0842962250698268
"120","PER","PRT",0.100080948273705
"121","PAK","PRT",0.115493128507515
"122","MYS","PRT",0.0584132352851604
"123","MEX","PRT",0.0675864768278662
"124","KOR","PRT",0.0759285131256928
"125","IND","PRT",0.105545021807091
"126","IDN","PRT",0.144159572228044
"127","EGY","PRT",0.0867300211253912
"128","COL","PRT",0.0735911169110349
"129","CHN","PRT",0.351857274006244
"130","CHL","PRT",0.0958821537881149
"131","BRA","PRT",0.0774327906360734
"132","ARG","PRT",0.114861518565939
"133","OMN","PRT",0.144813561345178
"134","KEN","PRT",0.137252045593268
"135","NGA","PRT",0.240944241998566
"136","MAR","PRT",0.0938210018218578
"137","TUN","PRT",0.098095951866573
"138","BGD","PRT",0.126153700568825
"139","LKA","PRT",0.196800138560662
"140","JAM","PRT",0.0643003640869447
"141","PAN","PRT",0.102730972583106
"142","TTO","PRT",0.153591557539013
"143","BWA","PRT",0.0552710253043502
"144","ZWE","PRT",0.327153643901494
"145","SWE","NOR",0.0856218813202086
"146","SGP","NOR",0.0539594239853157
"147","PRT","NOR",0.0424733701798976
"149","NLD","NOR",0.0605658094214321
"150","JPN","NOR",0.155027757161953
"151","ITA","NOR",0.0940493539506289
"152","IRL","NOR",0.0625915917869801
"153","HKG","NOR",0.0548851957758835
"154","GBR","NOR",0.0791226957365778
"155","FRA","NOR",0.0966066007727215
"156","FIN","NOR",0.0718147262134075
"157","ESP","NOR",0.0467709809364371
"158","DNK","NOR",0.0576941386867617
"159","DEU","NOR",0.0925048806751032
"160","BEL","NOR",0.0713062508010907
"161","AUT","NOR",0.0667078621032844
"162","AUS","NOR",0.0344808141596273
"163","ZAF","NOR",0.117157400664032
"164","TUR","NOR",0.0679959355334558
"165","THA","NOR",0.0481044918449401
"166","SAU","NOR",0.1861781250638
"167","PHL","NOR",0.0452096069567161
"168","PER","NOR",0.0720044487312921
"169","PAK","NOR",0.0733343177528039
"170","MYS","NOR",0.0306100971420734
"171","MEX","NOR",0.0665267965887072
"172","KOR","NOR",0.0802677465094011
"173","IND","NOR",0.0781487536063482
"174","IDN","NOR",0.115824105858001
"175","EGY","NOR",0.0442566509454936
"176","COL","NOR",0.0452556505409923
"177","CHN","NOR",0.323006614168544
"178","CHL","NOR",0.0675466874180723
"179","BRA","NOR",0.0485821307983734
"180","ARG","NOR",0.131960857608358
"181","OMN","NOR",0.103288723119845
"182","KEN","NOR",0.0951778709626172
"183","NGA","NOR",0.19941519080654
"184","MAR","NOR",0.0658221292228618
"185","TUN","NOR",0.0738354666975165
"186","BGD","NOR",0.119143428902478
"187","LKA","NOR",0.167950435918041
"188","JAM","NOR",0.0656313112416187
"189","PAN","NOR",0.066423704384046
"190","TTO","NOR",0.114262956796797
"191","BWA","NOR",0.0508942553166561
"192","ZWE","NOR",0.288248885502765
"193","SWE","NLD",0.038821596142108
"194","SGP","NLD",0.0857454079826799
"195","PRT","NLD",0.062180012482089
"196","NOR","NLD",0.0605658094214321
"198","JPN","NLD",0.0948525323205468
"199","ITA","NLD",0.0338258277142746
"200","IRL","NLD",0.112785141393032
"201","HKG","NLD",0.0556221456140748
"202","GBR","NLD",0.0231321808315619
"203","FRA","NLD",0.0373607366845762
"204","FIN","NLD",0.033370809081566
"205","ESP","NLD",0.0301069100950788
"206","DNK","NLD",0.00956471272989105
"207","DEU","NLD",0.033694793289117
"208","BEL","NLD",0.0119051254325752
"209","AUT","NLD",0.0117123333248964
"210","AUS","NLD",0.0641879416564995
"211","ZAF","NLD",0.0769644292429779
"212","TUR","NLD",0.128561744954888
"213","THA","NLD",0.0846689413377457
"214","SAU","NLD",0.172785674428356
"215","PHL","NLD",0.0771760428819352
"216","PER","NLD",0.118008605733038
"217","PAK","NLD",0.0594698706996982
"218","MYS","NLD",0.0719168669142886
"219","MEX","NLD",0.0225350904218884
"220","KOR","NLD",0.110984538132508
"221","IND","NLD",0.123910745883596
"222","IDN","NLD",0.164626287347509
"223","EGY","NLD",0.0688344691049572
"224","COL","NLD",0.0932607995218785
"225","CHN","NLD",0.375412508458735
"226","CHL","NLD",0.115951899465956
"227","BRA","NLD",0.0998454520615808
"228","ARG","NLD",0.0720150879180822
"229","OMN","NLD",0.091940239442433
"230","KEN","NLD",0.0937615078738153
"231","NGA","NLD",0.186742739043822
"232","MAR","NLD",0.0316409893397688
"233","TUN","NLD",0.044151195638928
"234","BGD","NLD",0.14136540118611
"235","LKA","NLD",0.217478235439649
"236","JAM","NLD",0.0241661762464535
"237","PAN","NLD",0.0963272847293348
"238","TTO","NLD",0.102914473119386
"239","BWA","NLD",0.0279180971205097
"240","ZWE","NLD",0.264973631419405
"241","SWE","JPN",0.0729317391164819
"242","SGP","JPN",0.165399803543719
"243","PRT","JPN",0.133239404320254
"244","NOR","JPN",0.155027757161953
"245","NLD","JPN",0.0948525323205468
"247","ITA","JPN",0.0617184362668
"248","IRL","JPN",0.199399007193671
"249","HKG","JPN",0.107846300780439
"250","GBR","JPN",0.0871473687429992
"251","FRA","JPN",0.0605811028883115
"252","FIN","JPN",0.0838290044167075
"253","ESP","JPN",0.113720673088958
"254","DNK","JPN",0.098055917177715
"255","DEU","JPN",0.0675033573852462
"256","BEL","JPN",0.0847738722152741
"257","AUT","JPN",0.0898746838045125
"258","AUS","JPN",0.141060595861731
"259","ZAF","JPN",0.0872870513161214
"260","TUR","JPN",0.22292891533311
"261","THA","JPN",0.158319447266715
"262","SAU","JPN",0.183100930247323
"263","PHL","JPN",0.138676953161494
"264","PER","JPN",0.192250198768236
"265","PAK","JPN",0.116773813788612
"266","MYS","JPN",0.147759437924553
"267","MEX","JPN",0.100116915073519
"268","KOR","JPN",0.199642397818584
"269","IND","JPN",0.200218600531416
"270","IDN","JPN",0.237720136460719
"271","EGY","JPN",0.135140455503196
"272","COL","JPN",0.17279140469459
"273","CHN","JPN",0.454421163418709
"274","CHL","JPN",0.202180251220759
"275","BRA","JPN",0.18155100627891
"276","ARG","JPN",0.076342318554659
"277","OMN","JPN",0.113570791011246
"278","KEN","JPN",0.151329586232353
"279","NGA","JPN",0.197057994862789
"280","MAR","JPN",0.0998492894234406
"281","TUN","JPN",0.0812118520813425
"282","BGD","JPN",0.194206588424996
"283","LKA","JPN",0.290755440074691
"284","JAM","JPN",0.096308613452092
"285","PAN","JPN",0.151149022254535
"286","TTO","JPN",0.139423757284628
"287","BWA","JPN",0.108833207659707
"288","ZWE","JPN",0.248778618866189
"289","SWE","ITA",0.0227886440647747
"290","SGP","ITA",0.115649721592775
"291","PRT","ITA",0.0866759640637708
"292","NOR","ITA",0.0940493539506289
"293","NLD","ITA",0.0338258277142746
"294","JPN","ITA",0.0617184362668
"296","IRL","ITA",0.143881889944473
"297","HKG","ITA",0.0807259876099803
"298","GBR","ITA",0.0405252636700238
"299","FRA","ITA",0.0175697452411775
"300","FIN","ITA",0.0244231654764943
"301","ESP","ITA",0.0531128025637032
"302","DNK","ITA",0.0374791136442723
"303","DEU","ITA",0.021201949647388
"304","BEL","ITA",0.0265228427691663
"305","AUT","ITA",0.0321549766609468
"306","AUS","ITA",0.0930051571049492
"307","ZAF","ITA",0.0816401828701474
"308","TUR","ITA",0.162031166047636
"309","THA","ITA",0.11360728352767
"310","SAU","ITA",0.178560187438436
"311","PHL","ITA",0.102827693163851
"312","PER","ITA",0.14767926767542
"313","PAK","ITA",0.0842352176372914
"314","MYS","ITA",0.100670308307847
"315","MEX","ITA",0.0528616140586829
"316","KOR","ITA",0.142507845856323
"317","IND","ITA",0.153815059493691
"318","IDN","ITA",0.194530600957604
"319","EGY","ITA",0.0970982671395854
"320","COL","ITA",0.124240018003605
"321","CHN","ITA",0.406888319013016
"322","CHL","ITA",0.148586578267188
"323","BRA","ITA",0.131743393097149
"324","ARG","ITA",0.0500585304316405
"325","OMN","ITA",0.0977147524525127
"326","KEN","ITA",0.119101540677647
"327","NGA","ITA",0.192517252053902
"328","MAR","ITA",0.0520644478537629
"329","TUN","ITA",0.0500021707133279
"330","BGD","ITA",0.166782048948784
"331","LKA","ITA",0.247382549049744
"332","JAM","ITA",0.053557378950795
"333","PAN","ITA",0.121743932492009
"334","TTO","ITA",0.110287721280825
"335","BWA","ITA",0.0556023084918603
"336","ZWE","ITA",0.250533167337728
"337","SWE","IRL",0.140974838319914
"338","SGP","IRL",0.044558488232526
"339","PRT","IRL",0.0667687316671486
"340","NOR","IRL",0.0625915917869801
"341","NLD","IRL",0.112785141393032
"342","JPN","IRL",0.199399007193671
"343","ITA","IRL",0.143881889944473
"345","HKG","IRL",0.0970269344365277
"346","GBR","IRL",0.112251638450672
"347","FRA","IRL",0.150145878077608
"348","FIN","IRL",0.12694078830095
"349","ESP","IRL",0.0922423277793737
"350","DNK","IRL",0.111302507503316
"351","DEU","IRL",0.146479934682149
"352","BEL","IRL",0.124622766044989
"353","AUT","IRL",0.120340975428724
"354","AUS","IRL",0.0959702058149673
"355","ZAF","IRL",0.179740556135576
"356","TUR","IRL",0.0504518574134468
"357","THA","IRL",0.0801586705095492
"358","SAU","IRL",0.240416133218885
"359","PHL","IRL",0.104597727501513
"360","PER","IRL",0.0571375152151078
"361","PAK","IRL",0.1316373376605
"362","MYS","IRL",0.0879321886582096
"363","MEX","IRL",0.104888827750212
"364","KOR","IRL",0.0321565628291876
"365","IND","IRL",0.0822923065260761
"366","IDN","IRL",0.102812825717587
"367","EGY","IRL",0.0939065640356934
"368","COL","IRL",0.0657682447236772
"369","CHN","IRL",0.310721909255308
"370","CHL","IRL",0.0537956366271642
"371","BRA","IRL",0.0637291647807246
"372","ARG","IRL",0.181630250233087
"373","OMN","IRL",0.153892759372442
"374","KEN","IRL",0.14664274426959
"375","NGA","IRL",0.243410451926848
"376","MAR","IRL",0.126516650176968
"377","TUN","IRL",0.124200378039159
"378","BGD","IRL",0.0793613926836426
"379","LKA","IRL",0.155664773809726
"380","JAM","IRL",0.105561343775978
"381","PAN","IRL",0.108285392116162
"382","TTO","IRL",0.154922329019695
"383","BWA","IRL",0.105605319978401
"384","ZWE","IRL",0.34668463906346
"385","SWE","HKG",0.0936476564442898
"386","SGP","HKG",0.0654744582640735
"387","PRT","HKG",0.0318432366078372
"388","NOR","HKG",0.0548851957758835
"389","NLD","HKG",0.0556221456140748
"390","JPN","HKG",0.107846300780439
"391","ITA","HKG",0.0807259876099803
"392","IRL","HKG",0.0970269344365277
"394","GBR","HKG",0.0534978394367149
"395","FRA","HKG",0.0848254607389173
"396","FIN","HKG",0.0889929546956408
"397","ESP","HKG",0.0370732395677114
"398","DNK","HKG",0.0516719842913455
"399","DEU","HKG",0.0722018694628951
"400","BEL","HKG",0.0574766167780723
"401","AUT","HKG",0.0522617696357753
"402","AUS","HKG",0.064901783261231
"403","ZAF","HKG",0.131777624881943
"404","TUR","HKG",0.122881131309339
"405","THA","HKG",0.0614279164319095
"406","SAU","HKG",0.216922026019183
"407","PHL","HKG",0.072919410972649
"408","PER","HKG",0.0963127691237868
"409","PAK","HKG",0.105530412001157
"410","MYS","HKG",0.0500017673235764
"411","MEX","HKG",0.0570400135098083
"412","KOR","HKG",0.0987382954954872
"413","IND","HKG",0.103277876500857
"414","IDN","HKG",0.143549800294628
"415","EGY","HKG",0.0753532070282133
"416","COL","HKG",0.075124253909023
"417","CHN","HKG",0.358251216289656
"418","CHL","HKG",0.103039836397116
"419","BRA","HKG",0.0841121907875709
"420","ARG","HKG",0.0901566975416139
"421","OMN","HKG",0.133436747248
"422","KEN","HKG",0.12737396521097
"423","NGA","HKG",0.228756529149622
"424","MAR","HKG",0.0861824768463862
"425","TUN","HKG",0.0878311674052775
"426","BGD","HKG",0.107937885798134
"427","LKA","HKG",0.196262348040877
"428","JAM","HKG",0.054422283704647
"429","PAN","HKG",0.0905432597341622
"430","TTO","HKG",0.141464399035247
"431","BWA","HKG",0.0503440846064506
"432","ZWE","HKG",0.319305644205888
"433","SWE","GBR",0.0418061374865171
"434","SGP","GBR",0.106851732492489
"435","PRT","GBR",0.0590871941567196
"436","NOR","GBR",0.0791226957365778
"437","NLD","GBR",0.0231321808315619
"438","JPN","GBR",0.0871473687429992
"439","ITA","GBR",0.0405252636700238
"440","IRL","GBR",0.112251638450672
"441","HKG","GBR",0.0534978394367149
"443","FRA","GBR",0.0477762557985041
"444","FIN","GBR",0.0354951152589259
"445","ESP","GBR",0.0323517148001408
"446","DNK","GBR",0.0281382745162129
"447","DEU","GBR",0.043330161445275
"448","BEL","GBR",0.0222756784799206
"449","AUT","GBR",0.0230597112882276
"450","AUS","GBR",0.0842071680046633
"451","ZAF","GBR",0.0820372184747597
"452","TUR","GBR",0.145161326980684
"453","THA","GBR",0.104809294427384
"454","SAU","GBR",0.177596099754011
"455","PHL","GBR",0.0926175357245373
"456","PER","GBR",0.138881278575134
"457","PAK","GBR",0.0713520478109675
"458","MYS","GBR",0.0918723192075609
"459","MEX","GBR",0.0268593296658655
"460","KOR","GBR",0.119392412748231
"461","IND","GBR",0.145442852717048
"462","IDN","GBR",0.185732611857319
"463","EGY","GBR",0.0883002780392995
"464","COL","GBR",0.115896388280886
"465","CHN","GBR",0.398544689290297
"466","CHL","GBR",0.138596068908255
"467","BRA","GBR",0.122977632893143
"468","ARG","GBR",0.0708771559649384
"469","OMN","GBR",0.0967506647680878
"470","KEN","GBR",0.10793360005932
"471","NGA","GBR",0.191553164369477
"472","MAR","GBR",0.0434519731060277
"473","TUN","GBR",0.0489616209645828
"474","BGD","GBR",0.155101514743158
"475","LKA","GBR",0.238584559949458
"476","JAM","GBR",0.0256667518309163
"477","PAN","GBR",0.110950137257327
"478","TTO","GBR",0.10772489844504
"479","BWA","GBR",0.0448875494139656
"480","ZWE","GBR",0.268066449744775
"481","SWE","FRA",0.0157525206523301
"482","SGP","FRA",0.114249313517826
"483","PRT","FRA",0.0907187479024089
"484","NOR","FRA",0.0966066007727215
"485","NLD","FRA",0.0373607366845762
"486","JPN","FRA",0.0605811028883115
"487","ITA","FRA",0.0175697452411775
"488","IRL","FRA",0.150145878077608
"489","HKG","FRA",0.0848254607389173
"490","GBR","FRA",0.0477762557985041
"492","FIN","FRA",0.024791874559314
"493","ESP","FRA",0.0583380955363239
"494","DNK","FRA",0.0389799043136114
"495","DEU","FRA",0.0157251925454953
"496","BEL","FRA",0.0279783330852781
"497","AUT","FRA",0.0326699601348413
"498","AUS","FRA",0.086836860217428
"499","ZAF","FRA",0.0642677176887433
"500","TUR","FRA",0.162347812444798
"501","THA","FRA",0.107438986640149
"502","SAU","FRA",0.160990442197258
"503","PHL","FRA",0.0960741876329877
"504","PER","FRA",0.141510970787899
"505","PAK","FRA",0.0771990942248468
"506","MYS","FRA",0.0945020114203255
"507","MEX","FRA",0.0596699032809873
"508","KOR","FRA",0.147959903603426
"509","IND","FRA",0.148175369824099
"510","IDN","FRA",0.18844729361787
"511","EGY","FRA",0.0909299702520642
"512","COL","FRA",0.118628905387936
"513","CHN","FRA",0.401277206397347
"514","CHL","FRA",0.144686699512203
"515","BRA","FRA",0.127017317422952
"516","ARG","FRA",0.0431288537966289
"517","OMN","FRA",0.0801450072113351
"518","KEN","FRA",0.112065417265203
"519","NGA","FRA",0.174947506812724
"520","MAR","FRA",0.0461844902130779
"521","TUN","FRA",0.0326297055319238
"522","BGD","FRA",0.159745925536339
"523","LKA","FRA",0.241214252162223
"524","JAM","FRA",0.0608083710792753
"525","PAN","FRA",0.114911390804359
"526","TTO","FRA",0.0929152560994212
"527","BWA","FRA",0.0488488029609974
"528","ZWE","FRA",0.239908681098262
"529","SWE","FIN",0.0144593374668496
"530","SGP","FIN",0.112847647483384
"531","PRT","FIN",0.0936836551798865
"532","NOR","FIN",0.0718147262134075
"533","NLD","FIN",0.033370809081566
"534","JPN","FIN",0.0838290044167075
"535","ITA","FIN",0.0244231654764943
"536","IRL","FIN",0.12694078830095
"537","HKG","FIN",0.0889929546956408
"538","GBR","FIN",0.0354951152589259
"539","FRA","FIN",0.024791874559314
"541","ESP","FIN",0.0557254019358245
"542","DNK","FIN",0.0373209704042953
"543","DEU","FIN",0.0217495886808589
"544","BEL","FIN",0.03193273477266
"545","AUT","FIN",0.0375676664701722
"546","AUS","FIN",0.0696619225977154
"547","ZAF","FIN",0.0708904892861658
"548","TUR","FIN",0.139237325078473
"549","THA","FIN",0.0902640490204362
"550","SAU","FIN",0.16657895604411
"551","PHL","FIN",0.08080348115462
"552","PER","FIN",0.124336033168186
"553","PAK","FIN",0.0624460081473023
"554","MYS","FIN",0.077327073800613
"555","MEX","FIN",0.0471008440372622
"556","KOR","FIN",0.139155970007469
"557","IND","FIN",0.130471824986457
"558","IDN","FIN",0.171187366450371
"559","EGY","FIN",0.0738190489068028
"560","COL","FIN",0.100758626374483
"561","CHN","FIN",0.383406927383894
"562","CHL","FIN",0.124227352553905
"563","BRA","FIN",0.10783987098674
"564","ARG","FIN",0.0601461313949502
"565","OMN","FIN",0.0864578664495356
"566","KEN","FIN",0.0973123311876583
"567","NGA","FIN",0.180536020659577
"568","MAR","FIN",0.0290942482800681
"569","TUN","FIN",0.0392524771293463
"570","BGD","FIN",0.144992839458794
"571","LKA","FIN",0.22403931454251
"572","JAM","FIN",0.0441851389010732
"573","PAN","FIN",0.0999547230020196
"574","TTO","FIN",0.0995380276968436
"575","BWA","FIN",0.0451103170885294
"576","ZWE","FIN",0.233469988721608
"577","SWE","ESP",0.0577736080722787
"578","SGP","ESP",0.0816740501007284
"579","PRT","ESP",0.0420001802656109
"580","NOR","ESP",0.0467709809364371
"581","NLD","ESP",0.0301069100950788
"582","JPN","ESP",0.113720673088958
"583","ITA","ESP",0.0531128025637032
"584","IRL","ESP",0.0922423277793737
"585","HKG","ESP",0.0370732395677114
"586","GBR","ESP",0.0323517148001408
"587","FRA","ESP",0.0583380955363239
"588","FIN","ESP",0.0557254019358245
"590","DNK","ESP",0.0230541101763594
"591","DEU","ESP",0.0546721521408647
"592","BEL","ESP",0.0329648785910391
"593","AUT","ESP",0.0285331928874397
"594","AUS","ESP",0.0615188150786261
"595","ZAF","ESP",0.107071339338057
"596","TUR","ESP",0.11307130691176
"597","THA","ESP",0.0819998147598723
"598","SAU","ESP",0.201795190482636
"599","PHL","ESP",0.075053022489613
"600","PER","ESP",0.115339479155165
"601","PAK","ESP",0.0865604668776743
"602","MYS","ESP",0.0692477403364151
"603","MEX","ESP",0.0468978549709569
"604","KOR","ESP",0.093826334224895
"605","IND","ESP",0.120803552688551
"606","IDN","ESP",0.160269362433454
"607","EGY","ESP",0.0661653425270837
"608","COL","ESP",0.0889038746078229
"609","CHN","ESP",0.368178445971175
"610","CHL","ESP",0.111252173343031
"611","BRA","ESP",0.0937539626010048
"612","ARG","ESP",0.0928860209374088
"613","OMN","ESP",0.119654365927332
"614","KEN","ESP",0.107238842047788
"615","NGA","ESP",0.215032256225376
"616","MAR","ESP",0.0609121196795978
"617","TUN","ESP",0.0719522980157996
"618","BGD","ESP",0.139242380793787
"619","LKA","ESP",0.213121310525593
"620","JAM","ESP",0.0369768314079285
"621","PAN","ESP",0.0942042643370126
"622","TTO","ESP",0.130628599604285
"623","BWA","ESP",0.0252489705426363
"624","ZWE","ESP",0.289195390657432
"625","SWE","DNK",0.0421169984803694
"626","SGP","DNK",0.0797889278240842
"627","PRT","DNK",0.0568514058556249
"628","NOR","DNK",0.0576941386867617
"629","NLD","DNK",0.00956471272989105
"630","JPN","DNK",0.098055917177715
"631","ITA","DNK",0.0374791136442723
"632","IRL","DNK",0.111302507503316
"633","HKG","DNK",0.0516719842913455
"634","GBR","DNK",0.0281382745162129
"635","FRA","DNK",0.0389799043136114
"636","FIN","DNK",0.0373209704042953
"637","ESP","DNK",0.0230541101763594
"639","DEU","DNK",0.0351912818874541
"640","BEL","DNK",0.0136917538905801
"641","AUT","DNK",0.00924949443109563
"642","AUS","DNK",0.0572073461526308
"643","ZAF","DNK",0.0840172291616973
"644","TUR","DNK",0.124945139130996
"645","THA","DNK",0.077746489758979
"646","SAU","DNK",0.180879355475477
"647","PHL","DNK",0.0694496172110033
"648","PER","DNK",0.111818473906729
"649","PAK","DNK",0.0646676742025374
"650","MYS","DNK",0.0649362714104198
"651","MEX","DNK",0.0320998031517795
"652","KOR","DNK",0.108979999289814
"653","IND","DNK",0.117954265725
"654","IDN","DNK",0.158669807188914
"655","EGY","DNK",0.0618538736010884
"656","COL","DNK",0.0877581137646729
"657","CHN","DNK",0.370406414774084
"658","CHL","DNK",0.111340460139712
"659","BRA","DNK",0.0948393583769298
"660","ARG","DNK",0.074266718921596
"661","OMN","DNK",0.100033920489554
"662","KEN","DNK",0.0863515101955891
"663","NGA","DNK",0.194836420090944
"664","MAR","DNK",0.0384159206568637
"665","TUN","DNK",0.0522448766860494
"666","BGD","DNK",0.133638975515178
"667","LKA","DNK",0.211521755281053
"668","JAM","DNK",0.0239817603112659
"669","PAN","DNK",0.0886008590584029
"670","TTO","DNK",0.111350428005332
"671","BWA","DNK",0.020937501616641
"672","ZWE","DNK",0.27030223804587
"673","SWE","DEU",0.0237977948173131
"674","SGP","DEU",0.105527236731868
"675","PRT","DEU",0.0845621323205376
"676","NOR","DEU",0.0925048806751032
"677","NLD","DEU",0.033694793289117
"678","JPN","DEU",0.0675033573852462
"679","ITA","DEU",0.021201949647388
"680","IRL","DEU",0.146479934682149
"681","HKG","DEU",0.0722018694628951
"682","GBR","DEU",0.043330161445275
"683","FRA","DEU",0.0157251925454953
"684","FIN","DEU",0.0217495886808589
"685","ESP","DEU",0.0546721521408647
"686","DNK","DEU",0.0351912818874541
"688","BEL","DEU",0.02185716863716
"689","AUT","DEU",0.026138959253425
"690","AUS","DEU",0.0756124934014458
"691","ZAF","DEU",0.0765235641279617
"692","TUR","DEU",0.155669534715707
"693","THA","DEU",0.0945923447163964
"694","SAU","DEU",0.173748007073987
"695","PHL","DEU",0.0818223958985373
"696","PER","DEU",0.129178934289242
"697","PAK","DEU",0.0630596188519524
"698","MYS","DEU",0.0826418740494566
"699","MEX","DEU",0.055945918137555
"700","KOR","DEU",0.144171281177268
"701","IND","DEU",0.136524333191267
"702","IDN","DEU",0.176796256985038
"703","EGY","DEU",0.0775051382132995
"704","COL","DEU",0.107764360634903
"705","CHN","DEU",0.390891323015536
"706","CHL","DEU",0.135583709065667
"707","BRA","DEU",0.116752297513451
"708","ARG","DEU",0.0394559769332545
"709","OMN","DEU",0.0929025720880644
"710","KEN","DEU",0.0979259418923084
"711","NGA","DEU",0.187705071689454
"712","MAR","DEU",0.0346138310152885
"713","TUN","DEU",0.0451135282845593
"714","BGD","DEU",0.145606450163445
"715","LKA","DEU",0.229508804731287
"716","JAM","DEU",0.0563622767260462
"717","PAN","DEU",0.10056833370667
"718","TTO","DEU",0.104186879001827
"719","BWA","DEU",0.0426653548849418
"720","ZWE","DEU",0.255219577402467
"721","SWE","BEL",0.0361710396662175
"722","SGP","BEL",0.0901091929880901
"723","PRT","BEL",0.0639201548790766
"724","NOR","BEL",0.0713062508010907
"725","NLD","BEL",0.0119051254325752
"726","JPN","BEL",0.0847738722152741
"727","ITA","BEL",0.0265228427691663
"728","IRL","BEL",0.124622766044989
"729","HKG","BEL",0.0574766167780723
"730","GBR","BEL",0.0222756784799206
"731","FRA","BEL",0.0279783330852781
"732","FIN","BEL",0.03193273477266
"733","ESP","BEL",0.0329648785910391
"734","DNK","BEL",0.0136917538905801
"735","DEU","BEL",0.02185716863716
"737","AUT","BEL",0.0086459713508828
"738","AUS","BEL",0.0674646285002641
"739","ZAF","BEL",0.0802613650161985
"740","TUR","BEL",0.138155043117836
"741","THA","BEL",0.0880667549229849
"742","SAU","BEL",0.176751812134265
"743","PHL","BEL",0.078045186426086
"744","PER","BEL",0.122138739070735
"745","PAK","BEL",0.0605497422734857
"746","MYS","BEL",0.0751297797031617
"747","MEX","BEL",0.0342250174200843
"748","KOR","BEL",0.122671753180394
"749","IND","BEL",0.128274530889006
"750","IDN","BEL",0.168990072352919
"751","EGY","BEL",0.0716764535336912
"752","COL","BEL",0.0980724897180894
"753","CHN","BEL",0.3807207907275
"754","CHL","BEL",0.122063735498022
"755","BRA","BEL",0.105220550327983
"756","ARG","BEL",0.060654606807267
"757","OMN","BEL",0.0959063771483418
"758","KEN","BEL",0.0945540364591243
"759","NGA","BEL",0.190708876749731
"760","MAR","BEL",0.0344848089682333
"761","TUN","BEL",0.0481173333448368
"762","BGD","BEL",0.142234544730261
"763","LKA","BEL",0.221842020445059
"764","JAM","BEL",0.0353077937606918
"765","PAN","BEL",0.0971964282734856
"766","TTO","BEL",0.106880610825294
"767","BWA","BEL",0.0307600815492438
"768","ZWE","BEL",0.265402723494268
"769","SWE","AUT",0.0413858868085145
"770","SGP","AUT",0.0849713695128123
"771","PRT","AUT",0.0594725271223063
"772","NOR","AUT",0.0667078621032844
"773","NLD","AUT",0.0117123333248964
"774","JPN","AUT",0.0898746838045125
"775","ITA","AUT",0.0321549766609468
"776","IRL","AUT",0.120340975428724
"777","HKG","AUT",0.0522617696357753
"778","GBR","AUT",0.0230597112882276
"779","FRA","AUT",0.0326699601348413
"780","FIN","AUT",0.0375676664701722
"781","ESP","AUT",0.0285331928874397
"782","DNK","AUT",0.00924949443109563
"783","DEU","AUT",0.026138959253425
"784","BEL","AUT",0.0086459713508828
"786","AUS","AUT",0.0623268050249863
"787","ZAF","AUT",0.0872735648072268
"788","TUR","AUT",0.133054231528597
"789","THA","AUT",0.0829289314477071
"790","SAU","AUT",0.184498007753252
"791","PHL","AUT",0.0746341949709172
"792","PER","AUT",0.117000915595457
"793","PAK","AUT",0.0682863264803124
"794","MYS","AUT",0.0700219525720822
"795","MEX","AUT",0.0337422099903183
"796","KOR","AUT",0.11822949372091
"797","IND","AUT",0.123136707413728
"798","IDN","AUT",0.163852248877642
"799","EGY","AUT",0.0669395547627508
"800","COL","AUT",0.0928366769926582
"801","CHN","AUT",0.375484978002069
"802","CHL","AUT",0.116431601606241
"803","BRA","AUT",0.0999179216049151
"804","ARG","AUT",0.0652529955050732
"805","OMN","AUT",0.103652572767329
"806","KEN","AUT",0.0914456898774879
"807","NGA","AUT",0.198455072368719
"808","MAR","AUT",0.0418856481737815
"809","TUN","AUT",0.0558635289638244
"810","BGD","AUT",0.138823553275092
"811","LKA","AUT",0.216704196969781
"812","JAM","AUT",0.0307533069707684
"813","PAN","AUT",0.0937854368183167
"814","TTO","AUT",0.114626806444282
"815","BWA","AUT",0.0260231827783034
"816","ZWE","AUT",0.27103765519178
"817","SWE","AUS",0.0744376596788172
"818","SGP","AUS",0.0871685214792113
"819","PRT","AUS",0.0733312284102618
"820","NOR","AUS",0.0344808141596273
"821","NLD","AUS",0.0641879416564995
"822","JPN","AUS",0.141060595861731
"823","ITA","AUS",0.0930051571049492
"824","IRL","AUS",0.0959702058149673
"825","HKG","AUS",0.064901783261231
"826","GBR","AUS",0.0842071680046633
"827","FRA","AUS",0.086836860217428
"828","FIN","AUS",0.0696619225977154
"829","ESP","AUS",0.0615188150786261
"830","DNK","AUS",0.0572073461526308
"831","DEU","AUS",0.0756124934014458
"832","BEL","AUS",0.0674646285002641
"833","AUT","AUS",0.0623268050249863
"835","ZAF","AUS",0.0849508310078889
"836","TUR","AUS",0.0910986101017682
"837","THA","AUS",0.0545876051929488
"838","SAU","AUS",0.157386381480957
"839","PHL","AUS",0.0278748221853521
"840","PER","AUS",0.0589173103856492
"841","PAK","AUS",0.0435841300472402
"842","MYS","AUS",0.0254541872956932
"843","MEX","AUS",0.0666469058874927
"844","KOR","AUS",0.113476844003297
"845","IND","AUS",0.0614354618414681
"846","IDN","AUS",0.101707385635239
"847","EGY","AUS",0.0201134308411389
"848","COL","AUS",0.036456004242234
"849","CHN","AUS",0.315278829614091
"850","CHL","AUS",0.0824982745099137
"851","BRA","AUS",0.0530311976610198
"852","ARG","AUS",0.102545755366539
"853","OMN","AUS",0.0740623107227357
"854","KEN","AUS",0.0648092570904363
"855","NGA","AUS",0.170623447223697
"856","MAR","AUS",0.0413117893140308
"857","TUN","AUS",0.0671715699975212
"858","BGD","AUS",0.102885873354361
"859","LKA","AUS",0.154419933381488
"860","JAM","AUS",0.0601524230975871
"861","PAN","AUS",0.0494151781555623
"862","TTO","AUS",0.0850365443996882
"863","BWA","AUS",0.0436466406104239
"864","ZWE","AUS",0.255039788008869
"865","SWE","ZAF",0.0605610070771417
"866","SGP","ZAF",0.157394088744392
"867","PRT","ZAF",0.138879808941228
"868","NOR","ZAF",0.117157400664032
"869","NLD","ZAF",0.0769644292429779
"870","JPN","ZAF",0.0872870513161214
"871","ITA","ZAF",0.0816401828701474
"872","IRL","ZAF",0.179740556135576
"873","HKG","ZAF",0.131777624881943
"874","GBR","ZAF",0.0820372184747597
"875","FRA","ZAF",0.0642677176887433
"876","FIN","ZAF",0.0708904892861658
"877","ESP","ZAF",0.107071339338057
"878","DNK","ZAF",0.0840172291616973
"879","DEU","ZAF",0.0765235641279617
"880","BEL","ZAF",0.0802613650161985
"881","AUT","ZAF",0.0872735648072268
"882","AUS","ZAF",0.0849508310078889
"884","TUR","ZAF",0.174481573616454
"885","THA","ZAF",0.121283409817741
"886","SAU","ZAF",0.0972244429460255
"887","PHL","ZAF",0.0903929897188286
"888","PER","ZAF",0.138058966320825
"889","PAK","ZAF",0.0762373986447249
"890","MYS","ZAF",0.0982821858185114
"891","MEX","ZAF",0.0898855142235639
"892","KOR","ZAF",0.185237765470214
"893","IND","ZAF",0.145069152414644
"894","IDN","ZAF",0.185341076208415
"895","EGY","ZAF",0.0910893664685504
"896","COL","ZAF",0.116870451106061
"897","CHN","ZAF",0.399997413486694
"898","CHL","ZAF",0.160893930435574
"899","BRA","ZAF",0.131847833042257
"900","ARG","ZAF",0.0749315362920225
"901","OMN","ZAF",0.0569793593652906
"902","KEN","ZAF",0.110226631060153
"903","NGA","ZAF",0.111181507561492
"904","MAR","ZAF",0.0532239059586083
"905","TUN","ZAF",0.0574204733429259
"906","BGD","ZAF",0.15711740826864
"907","LKA","ZAF",0.238053623954663
"908","JAM","ZAF",0.095978013987782
"909","PAN","ZAF",0.110456107617783
"910","TTO","ZAF",0.0878666769672624
"911","BWA","ZAF",0.100166296319839
"912","ZWE","ZAF",0.188273834960266
"913","SWE","TUR",0.149997176216628
"914","SGP","TUR",0.0592542516742209
"915","PRT","TUR",0.0961097438863002
"916","NOR","TUR",0.0679959355334558
"917","NLD","TUR",0.128561744954888
"918","JPN","TUR",0.22292891533311
"919","ITA","TUR",0.162031166047636
"920","IRL","TUR",0.0504518574134468
"921","HKG","TUR",0.122881131309339
"922","GBR","TUR",0.145161326980684
"923","FRA","TUR",0.162347812444798
"924","FIN","TUR",0.139237325078473
"925","ESP","TUR",0.11307130691176
"926","DNK","TUR",0.124945139130996
"927","DEU","TUR",0.155669534715707
"928","BEL","TUR",0.138155043117836
"929","AUT","TUR",0.133054231528597
"930","AUS","TUR",0.0910986101017682
"931","ZAF","TUR",0.174481573616454
"933","THA","TUR",0.0752390838796593
"934","SAU","TUR",0.219810793271832
"935","PHL","TUR",0.103803227604059
"936","PER","TUR",0.042715593230587
"937","PAK","TUR",0.119235371862555
"938","MYS","TUR",0.0822987368549348
"939","MEX","TUR",0.134522732122163
"940","KOR","TUR",0.0494645411468586
"941","IND","TUR",0.0629572941478286
"942","IDN","TUR",0.0601808335303458
"943","EGY","TUR",0.107562868548689
"944","COL","TUR",0.0627490794081337
"945","CHN","TUR",0.262115597726276
"946","CHL","TUR",0.028245195732612
"947","BRA","TUR",0.0652612081512152
"948","ARG","TUR",0.190883578984035
"949","OMN","TUR",0.133507571314507
"950","KEN","TUR",0.127127839368344
"951","NGA","TUR",0.223027141371843
"952","MAR","TUR",0.125707127433304
"953","TUN","TUR",0.141831402230972
"954","BGD","TUR",0.0887811269284465
"955","LKA","TUR",0.111253657007527
"956","JAM","TUR",0.133627246775075
"957","PAN","TUR",0.0938258900072646
"958","TTO","TUR",0.133108404740528
"959","BWA","TUR",0.114122417636228
"960","ZWE","TUR",0.329786540463524
"961","SWE","THA",0.0939411330454146
"962","SGP","THA",0.0435018460279626
"963","PRT","THA",0.0676493772881684
"964","NOR","THA",0.0481044918449401
"965","NLD","THA",0.0846689413377457
"966","JPN","THA",0.158319447266715
"967","ITA","THA",0.11360728352767
"968","IRL","THA",0.0801586705095492
"969","HKG","THA",0.0614279164319095
"970","GBR","THA",0.104809294427384
"971","FRA","THA",0.107438986640149
"972","FIN","THA",0.0902640490204362
"973","ESP","THA",0.0819998147598723
"974","DNK","THA",0.077746489758979
"975","DEU","THA",0.0945923447163964
"976","BEL","THA",0.0880667549229849
"977","AUT","THA",0.0829289314477071
"978","AUS","THA",0.0545876051929488
"979","ZAF","THA",0.121283409817741
"980","TUR","THA",0.0752390838796593
"982","SAU","THA",0.207886871531985
"983","PHL","THA",0.0640561499288788
"984","PER","THA",0.0358569777627633
"985","PAK","THA",0.095792045111243
"986","MYS","THA",0.0374528881399161
"987","MEX","THA",0.0861503792540901
"988","KOR","THA",0.0739618274752274
"989","IND","THA",0.0549191821422093
"990","IDN","THA",0.0822039122686417
"991","EGY","THA",0.0664899459844431
"992","COL","THA",0.043493441089989
"993","CHN","THA",0.296823299857747
"994","CHL","THA",0.0580411999766643
"995","BRA","THA",0.0344446317530713
"996","ARG","THA",0.118941828781132
"997","OMN","THA",0.12457348620423
"998","KEN","THA",0.117635598321056
"999","NGA","THA",0.22018248684242
"1000","MAR","THA",0.0756882617821844
"1001","TUN","THA",0.0876525696787673
"1002","BGD","THA",0.0710389370575378
"1003","LKA","THA",0.13491646001489
"1004","JAM","THA",0.0796558964641845
"1005","PAN","THA",0.0819692174269606
"1006","TTO","THA",0.132179256578566
"1007","BWA","THA",0.0631501139770213
"1008","ZWE","THA",0.308991466137606
"1009","SWE","SAU",0.156477546148449
"1010","SGP","SAU",0.237574225173177
"1011","PRT","SAU",0.228126946672933
"1012","NOR","SAU",0.1861781250638
"1013","NLD","SAU",0.172785674428356
"1014","JPN","SAU",0.183100930247323
"1015","ITA","SAU",0.178560187438436
"1016","IRL","SAU",0.240416133218885
"1017","HKG","SAU",0.216922026019183
"1018","GBR","SAU",0.177596099754011
"1019","FRA","SAU",0.160990442197258
"1020","FIN","SAU",0.16657895604411
"1021","ESP","SAU",0.201795190482636
"1022","DNK","SAU",0.180879355475477
"1023","DEU","SAU",0.173748007073987
"1024","BEL","SAU",0.176751812134265
"1025","AUT","SAU",0.184498007753252
"1026","AUS","SAU",0.157386381480957
"1027","ZAF","SAU",0.0972244429460255
"1028","TUR","SAU",0.219810793271832
"1029","THA","SAU",0.207886871531985
"1031","PHL","SAU",0.148288423697463
"1032","PER","SAU",0.206938545183043
"1033","PAK","SAU",0.11621168127294
"1034","MYS","SAU",0.175859890989659
"1035","MEX","SAU",0.172829550893279
"1036","KOR","SAU",0.264516226143847
"1037","IND","SAU",0.168253906950961
"1038","IDN","SAU",0.199238676687057
"1039","EGY","SAU",0.148954520432117
"1040","COL","SAU",0.183408831921968
"1041","CHN","SAU",0.406259354793171
"1042","CHL","SAU",0.228151961943497
"1043","BRA","SAU",0.196416799578346
"1044","ARG","SAU",0.160737313665516
"1045","OMN","SAU",0.0865233738464425
"1046","KEN","SAU",0.109947605196326
"1047","NGA","SAU",0.0793557828079502
"1048","MAR","SAU",0.142612359579471
"1049","TUN","SAU",0.13003099480636
"1050","BGD","SAU",0.175093949072799
"1051","LKA","SAU",0.25946215187768
"1052","JAM","SAU",0.16632146788435
"1053","PAN","SAU",0.133960466092642
"1054","TTO","SAU",0.116683119327759
"1055","BWA","SAU",0.195840511328198
"1056","ZWE","SAU",0.113771127366229
"1057","SWE","PHL",0.0807821478877756
"1058","SGP","PHL",0.0905535012612537
"1059","PRT","PHL",0.0842962250698268
"1060","NOR","PHL",0.0452096069567161
"1061","NLD","PHL",0.0771760428819352
"1062","JPN","PHL",0.138676953161494
"1063","ITA","PHL",0.102827693163851
"1064","IRL","PHL",0.104597727501513
"1065","HKG","PHL",0.072919410972649
"1066","GBR","PHL",0.0926175357245373
"1067","FRA","PHL",0.0960741876329877
"1068","FIN","PHL",0.08080348115462
"1069","ESP","PHL",0.075053022489613
"1070","DNK","PHL",0.0694496172110033
"1071","DEU","PHL",0.0818223958985373
"1072","BEL","PHL",0.078045186426086
"1073","AUT","PHL",0.0746341949709172
"1074","AUS","PHL",0.0278748221853521
"1075","ZAF","PHL",0.0903929897188286
"1076","TUR","PHL",0.103803227604059
"1077","THA","PHL",0.0640561499288788
"1078","SAU","PHL",0.148288423697463
"1080","PER","PHL",0.0615838119309552
"1081","PAK","PHL",0.0370610091139845
"1082","MYS","PHL",0.0286462280063274
"1083","MEX","PHL",0.0738459654842691
"1084","KOR","PHL",0.119305103683716
"1085","IND","PHL",0.0687553217304462
"1086","IDN","PHL",0.101127858421555
"1087","EGY","PHL",0.0249328531902931
"1088","COL","PHL",0.041367696761795
"1089","CHN","PHL",0.318139620428718
"1090","CHL","PHL",0.0833592212562116
"1091","BRA","PHL",0.0541045857406864
"1092","ARG","PHL",0.0888776015909769
"1093","OMN","PHL",0.0618460074201119
"1094","KEN","PHL",0.0549521198464968
"1095","NGA","PHL",0.156783642379834
"1096","MAR","PHL",0.0517383741849229
"1097","TUN","PHL",0.0788037159461158
"1098","BGD","PHL",0.0752135638874513
"1099","LKA","PHL",0.156173804448945
"1100","JAM","PHL",0.0669507838936211
"1101","PAN","PHL",0.0215403559702102
"1102","TTO","PHL",0.070485107021812
"1103","BWA","PHL",0.0543492472682478
"1104","ZWE","PHL",0.253675437852739
"1105","SWE","PER",0.12852772261826
"1106","SGP","PER",0.0459392363489769
"1107","PRT","PER",0.100080948273705
"1108","NOR","PER",0.0720044487312921
"1109","NLD","PER",0.118008605733038
"1110","JPN","PER",0.192250198768236
"1111","ITA","PER",0.14767926767542
"1112","IRL","PER",0.0571375152151078
"1113","HKG","PER",0.0963127691237868
"1114","GBR","PER",0.138881278575134
"1115","FRA","PER",0.141510970787899
"1116","FIN","PER",0.124336033168186
"1117","ESP","PER",0.115339479155165
"1118","DNK","PER",0.111818473906729
"1119","DEU","PER",0.129178934289242
"1120","BEL","PER",0.122138739070735
"1121","AUT","PER",0.117000915595457
"1122","AUS","PER",0.0589173103856492
"1123","ZAF","PER",0.138058966320825
"1124","TUR","PER",0.042715593230587
"1125","THA","PER",0.0358569777627633
"1126","SAU","PER",0.206938545183043
"1127","PHL","PER",0.0615838119309552
"1129","PAK","PER",0.0958000000084445
"1130","MYS","PER",0.0471786574532248
"1131","MEX","PER",0.120736968826935
"1132","KOR","PER",0.0755394441925637
"1133","IND","PER",0.0479051653158224
"1134","IDN","PER",0.0476173226957965
"1135","EGY","PER",0.0661028619322357
"1136","COL","PER",0.0335309911907711
"1137","CHN","PER",0.262170964650473
"1138","CHL","PER",0.0243737408196797
"1139","BRA","PER",0.0458635740528281
"1140","ARG","PER",0.150461413521932
"1141","OMN","PER",0.120496128905692
"1142","KEN","PER",0.112722410862951
"1143","NGA","PER",0.206172670727937
"1144","MAR","PER",0.095614819821657
"1145","TUN","PER",0.121415474708781
"1146","BGD","PER",0.0634535214277807
"1147","LKA","PER",0.100329870442045
"1148","JAM","PER",0.11424248603703
"1149","PAN","PER",0.0730333218863375
"1150","TTO","PER",0.114599516602694
"1151","BWA","PER",0.0977367035498664
"1152","ZWE","PER",0.312414428747199
"1153","SWE","PAK",0.0617275618707854
"1154","SGP","PAK",0.125249952770769
"1155","PRT","PAK",0.115493128507515
"1156","NOR","PAK",0.0733343177528039
"1157","NLD","PAK",0.0594698706996982
"1158","JPN","PAK",0.116773813788612
"1159","ITA","PAK",0.0842352176372914
"1160","IRL","PAK",0.1316373376605
"1161","HKG","PAK",0.105530412001157
"1162","GBR","PAK",0.0713520478109675
"1163","FRA","PAK",0.0771990942248468
"1164","FIN","PAK",0.0624460081473023
"1165","ESP","PAK",0.0865604668776743
"1166","DNK","PAK",0.0646676742025374
"1167","DEU","PAK",0.0630596188519524
"1168","BEL","PAK",0.0605497422734857
"1169","AUT","PAK",0.0682863264803124
"1170","AUS","PAK",0.0435841300472402
"1171","ZAF","PAK",0.0762373986447249
"1172","TUR","PAK",0.119235371862555
"1173","THA","PAK",0.095792045111243
"1174","SAU","PAK",0.11621168127294
"1175","PHL","PAK",0.0370610091139845
"1176","PER","PAK",0.0958000000084445
"1178","MYS","PAK",0.0635356185872507
"1179","MEX","PAK",0.0602803225001107
"1180","KOR","PAK",0.152033404471603
"1181","IND","PAK",0.0834447867428032
"1182","IDN","PAK",0.122095468714505
"1183","EGY","PAK",0.0415645463252295
"1184","COL","PAK",0.0730629090277882
"1185","CHN","PAK",0.337647349630097
"1186","CHL","PAK",0.118260194316157
"1187","BRA","PAK",0.0887931174672634
"1188","ARG","PAK",0.0792599497911031
"1189","OMN","PAK",0.049156861218119
"1190","KEN","PAK",0.037769316943864
"1191","NGA","PAK",0.130168745888406
"1192","MAR","PAK",0.0346695307494949
"1193","TUN","PAK",0.0622901166066413
"1194","BGD","PAK",0.0838247577591087
"1195","LKA","PAK",0.174370348638416
"1196","JAM","PAK",0.0543909744019587
"1197","PAN","PAK",0.0395980894463592
"1198","TTO","PAK",0.0493277873764376
"1199","BWA","PAK",0.0806057877232364
"1200","ZWE","PAK",0.216958356717312
"1201","SWE","MYS",0.0813490651650349
"1202","SGP","MYS",0.0619747919190717
"1203","PRT","MYS",0.0584132352851604
"1204","NOR","MYS",0.0306100971420734
"1205","NLD","MYS",0.0719168669142886
"1206","JPN","MYS",0.147759437924553
"1207","ITA","MYS",0.100670308307847
"1208","IRL","MYS",0.0879321886582096
"1209","HKG","MYS",0.0500017673235764
"1210","GBR","MYS",0.0918723192075609
"1211","FRA","MYS",0.0945020114203255
"1212","FIN","MYS",0.077327073800613
"1213","ESP","MYS",0.0692477403364151
"1214","DNK","MYS",0.0649362714104198
"1215","DEU","MYS",0.0826418740494566
"1216","BEL","MYS",0.0751297797031617
"1217","AUT","MYS",0.0700219525720822
"1218","AUS","MYS",0.0254541872956932
"1219","ZAF","MYS",0.0982821858185114
"1220","TUR","MYS",0.0822987368549348
"1221","THA","MYS",0.0374528881399161
"1222","SAU","MYS",0.175859890989659
"1223","PHL","MYS",0.0286462280063274
"1224","PER","MYS",0.0471786574532248
"1225","PAK","MYS",0.0635356185872507
"1227","MEX","MYS",0.0735583113737104
"1228","KOR","MYS",0.0906588756773885
"1229","IND","MYS",0.0545240563552504
"1230","IDN","MYS",0.0947959801490214
"1231","EGY","MYS",0.0311068480097738
"1232","COL","MYS",0.0251224865854466
"1233","CHN","MYS",0.30824944896608
"1234","CHL","MYS",0.0658147181253248
"1235","BRA","MYS",0.0341104234639945
"1236","ARG","MYS",0.112780773881677
"1237","OMN","MYS",0.0895553425295764
"1238","KEN","MYS",0.0835308291886788
"1239","NGA","MYS",0.182729598702504
"1240","MAR","MYS",0.048898156616927
"1241","TUN","MYS",0.0749004952553102
"1242","BGD","MYS",0.0888985682627133
"1243","LKA","MYS",0.14750852789527
"1244","JAM","MYS",0.0670638285838048
"1245","PAN","MYS",0.0446378779834883
"1246","TTO","MYS",0.0951783222538528
"1247","BWA","MYS",0.0506141101743668
"1248","ZWE","MYS",0.280493975304562
"1249","SWE","MEX",0.0522330215222656
"1250","SGP","MEX",0.0879135745540919
"1251","PRT","MEX",0.0675864768278662
"1252","NOR","MEX",0.0665267965887072
"1253","NLD","MEX",0.0225350904218884
"1254","JPN","MEX",0.100116915073519
"1255","ITA","MEX",0.0528616140586829
"1256","IRL","MEX",0.104888827750212
"1257","HKG","MEX",0.0570400135098083
"1258","GBR","MEX",0.0268593296658655
"1259","FRA","MEX",0.0596699032809873
"1260","FIN","MEX",0.0471008440372622
"1261","ESP","MEX",0.0468978549709569
"1262","DNK","MEX",0.0320998031517795
"1263","DEU","MEX",0.055945918137555
"1264","BEL","MEX",0.0342250174200843
"1265","AUT","MEX",0.0337422099903183
"1266","AUS","MEX",0.0666469058874927
"1267","ZAF","MEX",0.0898855142235639
"1268","TUR","MEX",0.134522732122163
"1269","THA","MEX",0.0861503792540901
"1270","SAU","MEX",0.172829550893279
"1271","PHL","MEX",0.0738459654842691
"1272","PER","MEX",0.120736968826935
"1273","PAK","MEX",0.0602803225001107
"1274","MYS","MEX",0.0735583113737104
"1276","KOR","MEX",0.109539852544144
"1277","IND","MEX",0.128082367728961
"1278","IDN","MEX",0.168354291522732
"1279","EGY","MEX",0.0693621201009021
"1280","COL","MEX",0.098535903292798
"1281","CHN","MEX",0.381184204302209
"1282","CHL","MEX",0.121950403914917
"1283","BRA","MEX",0.105617147905055
"1284","ARG","MEX",0.0858137114495221
"1285","OMN","MEX",0.0870372514709827
"1286","KEN","MEX",0.0904970119724582
"1287","NGA","MEX",0.178614945378456
"1288","MAR","MEX",0.0442903661880076
"1289","TUN","MEX",0.0441260829277502
"1290","BGD","MEX",0.137618793036441
"1291","LKA","MEX",0.22106683926898
"1292","JAM","MEX",0.0101420816762383
"1293","PAN","MEX",0.09268316865564
"1294","TTO","MEX",0.0889478536008975
"1295","BWA","MEX",0.0393292045737044
"1296","ZWE","MEX",0.276461506041959
"1297","SWE","KOR",0.147005046870271
"1298","SGP","KOR",0.0437678794175145
"1299","PRT","KOR",0.0759285131256928
"1300","NOR","KOR",0.0802677465094011
"1301","NLD","KOR",0.110984538132508
"1302","JPN","KOR",0.199642397818584
"1303","ITA","KOR",0.142507845856323
"1304","IRL","KOR",0.0321565628291876
"1305","HKG","KOR",0.0987382954954872
"1306","GBR","KOR",0.119392412748231
"1307","FRA","KOR",0.147959903603426
"1308","FIN","KOR",0.139155970007469
"1309","ESP","KOR",0.093826334224895
"1310","DNK","KOR",0.108979999289814
"1311","DEU","KOR",0.144171281177268
"1312","BEL","KOR",0.122671753180394
"1313","AUT","KOR",0.11822949372091
"1314","AUS","KOR",0.113476844003297
"1315","ZAF","KOR",0.185237765470214
"1316","TUR","KOR",0.0494645411468586
"1317","THA","KOR",0.0739618274752274
"1318","SAU","KOR",0.264516226143847
"1319","PHL","KOR",0.119305103683716
"1320","PER","KOR",0.0755394441925637
"1321","PAK","KOR",0.152033404471603
"1322","MYS","KOR",0.0906588756773885
"1323","MEX","KOR",0.109539852544144
"1325","IND","KOR",0.110614819954761
"1326","IDN","KOR",0.0799355278174999
"1327","EGY","KOR",0.121765723687162
"1328","COL","KOR",0.0930257351537046
"1329","CHN","KOR",0.282725989909591
"1330","CHL","KOR",0.0516313498240024
"1331","BRA","KOR",0.0793768955468243
"1332","ARG","KOR",0.181796963117994
"1333","OMN","KOR",0.179533531043414
"1334","KEN","KOR",0.173876957681416
"1335","NGA","KOR",0.27166400094477
"1336","MAR","KOR",0.136368769431745
"1337","TUN","KOR",0.136181208897957
"1338","BGD","KOR",0.0938953323438936
"1339","LKA","KOR",0.124777667588318
"1340","JAM","KOR",0.108644367197056
"1341","PAN","KOR",0.134897849719784
"1342","TTO","KOR",0.182179819449722
"1343","BWA","KOR",0.106500967141629
"1344","ZWE","KOR",0.368516632012166
"1345","SWE","IND",0.135873121520285
"1346","SGP","IND",0.0812138600090332
"1347","PRT","IND",0.105545021807091
"1348","NOR","IND",0.0781487536063482
"1349","NLD","IND",0.123910745883596
"1350","JPN","IND",0.200218600531416
"1351","ITA","IND",0.153815059493691
"1352","IRL","IND",0.0822923065260761
"1353","HKG","IND",0.103277876500857
"1354","GBR","IND",0.145442852717048
"1355","FRA","IND",0.148175369824099
"1356","FIN","IND",0.130471824986457
"1357","ESP","IND",0.120803552688551
"1358","DNK","IND",0.117954265725
"1359","DEU","IND",0.136524333191267
"1360","BEL","IND",0.128274530889006
"1361","AUT","IND",0.123136707413728
"1362","AUS","IND",0.0614354618414681
"1363","ZAF","IND",0.145069152414644
"1364","TUR","IND",0.0629572941478286
"1365","THA","IND",0.0549191821422093
"1366","SAU","IND",0.168253906950961
"1367","PHL","IND",0.0687553217304462
"1368","PER","IND",0.0479051653158224
"1369","PAK","IND",0.0834447867428032
"1370","MYS","IND",0.0545240563552504
"1371","MEX","IND",0.128082367728961
"1372","KOR","IND",0.110614819954761
"1374","IDN","IND",0.0407155414639134
"1375","EGY","IND",0.0750174661073576
"1376","COL","IND",0.0515549935307413
"1377","CHN","IND",0.25531442456263
"1378","CHL","IND",0.0679216191113847
"1379","BRA","IND",0.0627270347079039
"1380","ARG","IND",0.155549733448081
"1381","OMN","IND",0.0959482391858241
"1382","KEN","IND",0.0662449757110107
"1383","NGA","IND",0.16820399575681
"1384","MAR","IND",0.101990879611021
"1385","TUN","IND",0.127551266527052
"1386","BGD","IND",0.0440147557202473
"1387","LKA","IND",0.0935674895560528
"1388","JAM","IND",0.121587884939055
"1389","PAN","IND",0.0567273885285213
"1390","TTO","IND",0.0856301262067442
"1391","BWA","IND",0.105082102451892
"1392","ZWE","IND",0.281603084642173
"1393","SWE","IDN",0.176145045314056
"1394","SGP","IDN",0.0804839650003558
"1395","PRT","IDN",0.144159572228044
"1396","NOR","IDN",0.115824105858001
"1397","NLD","IDN",0.164626287347509
"1398","JPN","IDN",0.237720136460719
"1399","ITA","IDN",0.194530600957604
"1400","IRL","IDN",0.102812825717587
"1401","HKG","IDN",0.143549800294628
"1402","GBR","IDN",0.185732611857319
"1403","FRA","IDN",0.18844729361787
"1404","FIN","IDN",0.171187366450371
"1405","ESP","IDN",0.160269362433454
"1406","DNK","IDN",0.158669807188914
"1407","DEU","IDN",0.176796256985038
"1408","BEL","IDN",0.168990072352919
"1409","AUT","IDN",0.163852248877642
"1410","AUS","IDN",0.101707385635239
"1411","ZAF","IDN",0.185341076208415
"1412","TUR","IDN",0.0601808335303458
"1413","THA","IDN",0.0822039122686417
"1414","SAU","IDN",0.199238676687057
"1415","PHL","IDN",0.101127858421555
"1416","PER","IDN",0.0476173226957965
"1417","PAK","IDN",0.122095468714505
"1418","MYS","IDN",0.0947959801490214
"1419","MEX","IDN",0.168354291522732
"1420","KOR","IDN",0.0799355278174999
"1421","IND","IDN",0.0407155414639134
"1423","EGY","IDN",0.107411233420627
"1424","COL","IDN",0.0713654878256308
"1425","CHN","IDN",0.217102221710054
"1426","CHL","IDN",0.0490171890904224
"1427","BRA","IDN",0.0728855870538927
"1428","ARG","IDN",0.183723593455698
"1429","OMN","IDN",0.135605946070044
"1430","KEN","IDN",0.103185591532222
"1431","NGA","IDN",0.194117821719064
"1432","MAR","IDN",0.142466153103842
"1433","TUN","IDN",0.168266807990965
"1434","BGD","IDN",0.0464735021662087
"1435","LKA","IDN",0.0797533392431154
"1436","JAM","IDN",0.161859808732826
"1437","PAN","IDN",0.0891791717432436
"1438","TTO","IDN",0.122509786943537
"1439","BWA","IDN",0.145354026245663
"1440","ZWE","IDN",0.305507182531632
"1441","SWE","EGY",0.0764648902025378
"1442","SGP","EGY",0.092769440873854
"1443","PRT","EGY",0.0867300211253912
"1444","NOR","EGY",0.0442566509454936
"1445","NLD","EGY",0.0688344691049572
"1446","JPN","EGY",0.135140455503196
"1447","ITA","EGY",0.0970982671395854
"1448","IRL","EGY",0.0939065640356934
"1449","HKG","EGY",0.0753532070282133
"1450","GBR","EGY",0.0883002780392995
"1451","FRA","EGY",0.0909299702520642
"1452","FIN","EGY",0.0738190489068028
"1453","ESP","EGY",0.0661653425270837
"1454","DNK","EGY",0.0618538736010884
"1455","DEU","EGY",0.0775051382132995
"1456","BEL","EGY",0.0716764535336912
"1457","AUT","EGY",0.0669395547627508
"1458","AUS","EGY",0.0201134308411389
"1459","ZAF","EGY",0.0910893664685504
"1460","TUR","EGY",0.107562868548689
"1461","THA","EGY",0.0664899459844431
"1462","SAU","EGY",0.148954520432117
"1463","PHL","EGY",0.0249328531902931
"1464","PER","EGY",0.0661028619322357
"1465","PAK","EGY",0.0415645463252295
"1466","MYS","EGY",0.0311068480097738
"1467","MEX","EGY",0.0693621201009021
"1468","KOR","EGY",0.121765723687162
"1469","IND","EGY",0.0750174661073576
"1470","IDN","EGY",0.107411233420627
"1472","COL","EGY",0.0464659584521362
"1473","CHN","EGY",0.324169115441974
"1474","CHL","EGY",0.0805612749329666
"1475","BRA","EGY",0.050882753484838
"1476","ARG","EGY",0.0899035610728822
"1477","OMN","EGY",0.0671464187391778
"1478","KEN","EGY",0.0527361802338966
"1479","NGA","EGY",0.159920603543873
"1480","MAR","EGY",0.0450338192858225
"1481","TUN","EGY",0.0718180974459788
"1482","BGD","EGY",0.0905896539413958
"1483","LKA","EGY",0.162457179448018
"1484","JAM","EGY",0.0626335262083833
"1485","PAN","EGY",0.0351186659916797
"1486","TTO","EGY",0.0802265799864858
"1487","BWA","EGY",0.0531297917479619
"1488","ZWE","EGY",0.256012043913752
"1489","SWE","COL",0.106326657084123
"1490","SGP","COL",0.0623687800898663
"1491","PRT","COL",0.0735911169110349
"1492","NOR","COL",0.0452556505409923
"1493","NLD","COL",0.0932607995218785
"1494","JPN","COL",0.17279140469459
"1495","ITA","COL",0.124240018003605
"1496","IRL","COL",0.0657682447236772
"1497","HKG","COL",0.075124253909023
"1498","GBR","COL",0.115896388280886
"1499","FRA","COL",0.118628905387936
"1500","FIN","COL",0.100758626374483
"1501","ESP","COL",0.0889038746078229
"1502","DNK","COL",0.0877581137646729
"1503","DEU","COL",0.107764360634903
"1504","BEL","COL",0.0980724897180894
"1505","AUT","COL",0.0928366769926582
"1506","AUS","COL",0.036456004242234
"1507","ZAF","COL",0.116870451106061
"1508","TUR","COL",0.0627490794081337
"1509","THA","COL",0.043493441089989
"1510","SAU","COL",0.183408831921968
"1511","PHL","COL",0.041367696761795
"1512","PER","COL",0.0335309911907711
"1513","PAK","COL",0.0730629090277882
"1514","MYS","COL",0.0251224865854466
"1515","MEX","COL",0.098535903292798
"1516","KOR","COL",0.0930257351537046
"1517","IND","COL",0.0515549935307413
"1518","IDN","COL",0.0713654878256308
"1519","EGY","COL",0.0464659584521362
"1521","CHN","COL",0.283126962380633
"1522","CHL","COL",0.0466515710900649
"1523","BRA","COL",0.0176054736967474
"1524","ARG","COL",0.130245298352772
"1525","OMN","COL",0.0968854580755253
"1526","KEN","COL",0.0878569974787822
"1527","NGA","COL",0.179596512370382
"1528","MAR","COL",0.0735350943309655
"1529","TUN","COL",0.0973327628173825
"1530","BGD","COL",0.0955697492509886
"1531","LKA","COL",0.12421743591777
"1532","JAM","COL",0.0920414205028924
"1533","PAN","COL",0.0502962309056811
"1534","TTO","COL",0.0891540842960176
"1535","BWA","COL",0.0757365967598134
"1536","ZWE","COL",0.289677337766543
"1537","SWE","CHN",0.389035611658339
"1538","SGP","CHN",0.29439001034207
"1539","PRT","CHN",0.351857274006244
"1540","NOR","CHN",0.323006614168544
"1541","NLD","CHN",0.375412508458735
"1542","JPN","CHN",0.454421163418709
"1543","ITA","CHN",0.406888319013016
"1544","IRL","CHN",0.310721909255308
"1545","HKG","CHN",0.358251216289656
"1546","GBR","CHN",0.398544689290297
"1547","FRA","CHN",0.401277206397347
"1548","FIN","CHN",0.383406927383894
"1549","ESP","CHN",0.368178445971175
"1550","DNK","CHN",0.370406414774084
"1551","DEU","CHN",0.390891323015536
"1552","BEL","CHN",0.3807207907275
"1553","AUT","CHN",0.375484978002069
"1554","AUS","CHN",0.315278829614091
"1555","ZAF","CHN",0.399997413486694
"1556","TUR","CHN",0.262115597726276
"1557","THA","CHN",0.296823299857747
"1558","SAU","CHN",0.406259354793171
"1559","PHL","CHN",0.318139620428718
"1560","PER","CHN",0.262170964650473
"1561","PAK","CHN",0.337647349630097
"1562","MYS","CHN",0.30824944896608
"1563","MEX","CHN",0.381184204302209
"1564","KOR","CHN",0.282725989909591
"1565","IND","CHN",0.25531442456263
"1566","IDN","CHN",0.217102221710054
"1567","EGY","CHN",0.324169115441974
"1568","COL","CHN",0.283126962380633
"1570","CHL","CHN",0.259948620382041
"1571","BRA","CHN",0.275567056397154
"1572","ARG","CHN",0.399215601052474
"1573","OMN","CHN",0.345256349562464
"1574","KEN","CHN",0.30826502213411
"1575","NGA","CHN",0.341211011559351
"1576","MAR","CHN",0.356277492000248
"1577","TUN","CHN",0.379981063826793
"1578","BGD","CHN",0.263575723876262
"1579","LKA","CHN",0.163665723344019
"1580","JAM","CHN",0.374689721512303
"1581","PAN","CHN",0.306281393453297
"1582","TTO","CHN",0.332176539404014
"1583","BWA","CHN",0.358863559140447
"1584","ZWE","CHN",0.510234276541075
"1585","SWE","CHL",0.132260743811215
"1586","SGP","CHL",0.0377881091993434
"1587","PRT","CHL",0.0958821537881149
"1588","NOR","CHL",0.0675466874180723
"1589","NLD","CHL",0.115951899465956
"1590","JPN","CHL",0.202180251220759
"1591","ITA","CHL",0.148586578267188
"1592","IRL","CHL",0.0537956366271642
"1593","HKG","CHL",0.103039836397116
"1594","GBR","CHL",0.138596068908255
"1595","FRA","CHL",0.144686699512203
"1596","FIN","CHL",0.124227352553905
"1597","ESP","CHL",0.111252173343031
"1598","DNK","CHL",0.111340460139712
"1599","DEU","CHL",0.135583709065667
"1600","BEL","CHL",0.122063735498022
"1601","AUT","CHL",0.116431601606241
"1602","AUS","CHL",0.0824982745099137
"1603","ZAF","CHL",0.160893930435574
"1604","TUR","CHL",0.028245195732612
"1605","THA","CHL",0.0580411999766643
"1606","SAU","CHL",0.228151961943497
"1607","PHL","CHL",0.0833592212562116
"1608","PER","CHL",0.0243737408196797
"1609","PAK","CHL",0.118260194316157
"1610","MYS","CHL",0.0658147181253248
"1611","MEX","CHL",0.121950403914917
"1612","KOR","CHL",0.0516313498240024
"1613","IND","CHL",0.0679216191113847
"1614","IDN","CHL",0.0490171890904224
"1615","EGY","CHL",0.0805612749329666
"1616","COL","CHL",0.0466515710900649
"1617","CHN","CHL",0.259948620382041
"1619","BRA","CHL",0.0400009930250813
"1620","ARG","CHL",0.163763856649793
"1621","OMN","CHL",0.141628588097054
"1622","KEN","CHL",0.133080104468894
"1623","NGA","CHL",0.224818252641417
"1624","MAR","CHL",0.108589730819606
"1625","TUN","CHL",0.123607703097228
"1626","BGD","CHL",0.0718793473397538
"1627","LKA","CHL",0.101869137182562
"1628","JAM","CHL",0.117135120497967
"1629","PAN","CHL",0.0955131503885427
"1630","TTO","CHL",0.133245098516174
"1631","BWA","CHL",0.1015677188084
"1632","ZWE","CHL",0.334420467788072
"1633","SWE","BRA",0.114896586156253
"1634","SGP","BRA",0.0489030892370888
"1635","PRT","BRA",0.0774327906360734
"1636","NOR","BRA",0.0485821307983734
"1637","NLD","BRA",0.0998454520615808
"1638","JPN","BRA",0.18155100627891
"1639","ITA","BRA",0.131743393097149
"1640","IRL","BRA",0.0637291647807246
"1641","HKG","BRA",0.0841121907875709
"1642","GBR","BRA",0.122977632893143
"1643","FRA","BRA",0.127017317422952
"1644","FIN","BRA",0.10783987098674
"1645","ESP","BRA",0.0937539626010048
"1646","DNK","BRA",0.0948393583769298
"1647","DEU","BRA",0.116752297513451
"1648","BEL","BRA",0.105220550327983
"1649","AUT","BRA",0.0999179216049151
"1650","AUS","BRA",0.0530311976610198
"1651","ZAF","BRA",0.131847833042257
"1652","TUR","BRA",0.0652612081512152
"1653","THA","BRA",0.0344446317530713
"1654","SAU","BRA",0.196416799578346
"1655","PHL","BRA",0.0541045857406864
"1656","PER","BRA",0.0458635740528281
"1657","PAK","BRA",0.0887931174672634
"1658","MYS","BRA",0.0341104234639945
"1659","MEX","BRA",0.105617147905055
"1660","KOR","BRA",0.0793768955468243
"1661","IND","BRA",0.0627270347079039
"1662","IDN","BRA",0.0728855870538927
"1663","EGY","BRA",0.050882753484838
"1664","COL","BRA",0.0176054736967474
"1665","CHN","BRA",0.275567056397154
"1666","CHL","BRA",0.0400009930250813
"1668","ARG","BRA",0.126597554619306
"1669","OMN","BRA",0.110408030294742
"1670","KEN","BRA",0.0983175593608299
"1671","NGA","BRA",0.193249172993967
"1672","MAR","BRA",0.0822946959152849
"1673","TUN","BRA",0.105724456409385
"1674","BGD","BRA",0.104847821398349
"1675","LKA","BRA",0.123958410531074
"1676","JAM","BRA",0.100265083554495
"1677","PAN","BRA",0.0660460735396488
"1678","TTO","BRA",0.105002389521116
"1679","BWA","BRA",0.0847245336383613
"1680","ZWE","BRA",0.304269579828056
"1681","SWE","ARG",0.0463389762881491
"1682","SGP","ARG",0.138723694932985
"1683","PRT","ARG",0.114861518565939
"1684","NOR","ARG",0.131960857608358
"1685","NLD","ARG",0.0720150879180822
"1686","JPN","ARG",0.076342318554659
"1687","ITA","ARG",0.0500585304316405
"1688","IRL","ARG",0.181630250233087
"1689","HKG","ARG",0.0901566975416139
"1690","GBR","ARG",0.0708771559649384
"1691","FRA","ARG",0.0431288537966289
"1692","FIN","ARG",0.0601461313949502
"1693","ESP","ARG",0.0928860209374088
"1694","DNK","ARG",0.074266718921596
"1695","DEU","ARG",0.0394559769332545
"1696","BEL","ARG",0.060654606807267
"1697","AUT","ARG",0.0652529955050732
"1698","AUS","ARG",0.102545755366539
"1699","ZAF","ARG",0.0749315362920225
"1700","TUR","ARG",0.190883578984035
"1701","THA","ARG",0.118941828781132
"1702","SAU","ARG",0.160737313665516
"1703","PHL","ARG",0.0888776015909769
"1704","PER","ARG",0.150461413521932
"1705","PAK","ARG",0.0792599497911031
"1706","MYS","ARG",0.112780773881677
"1707","MEX","ARG",0.0858137114495221
"1708","KOR","ARG",0.181796963117994
"1709","IND","ARG",0.155549733448081
"1710","IDN","ARG",0.183723593455698
"1711","EGY","ARG",0.0899035610728822
"1712","COL","ARG",0.130245298352772
"1713","CHN","ARG",0.399215601052474
"1714","CHL","ARG",0.163763856649793
"1715","BRA","ARG",0.126597554619306
"1717","OMN","ARG",0.0755765471796977
"1718","KEN","ARG",0.0916037089959375
"1719","NGA","ARG",0.16813248504134
"1720","MAR","ARG",0.0674829902257355
"1721","TUN","ARG",0.0592592145096115
"1722","BGD","ARG",0.146584989751967
"1723","LKA","ARG",0.242651458881482
"1724","JAM","ARG",0.080826186926135
"1725","PAN","ARG",0.101132514257191
"1726","TTO","ARG",0.108894773599293
"1727","BWA","ARG",0.0810666022917016
"1728","ZWE","ARG",0.263205371252289
"1729","SWE","OMN",0.0761283842405115
"1730","SGP","OMN",0.151530134448648
"1731","PRT","OMN",0.144813561345178
"1732","NOR","OMN",0.103288723119845
"1733","NLD","OMN",0.091940239442433
"1734","JPN","OMN",0.113570791011246
"1735","ITA","OMN",0.0977147524525127
"1736","IRL","OMN",0.153892759372442
"1737","HKG","OMN",0.133436747248
"1738","GBR","OMN",0.0967506647680878
"1739","FRA","OMN",0.0801450072113351
"1740","FIN","OMN",0.0864578664495356
"1741","ESP","OMN",0.119654365927332
"1742","DNK","OMN",0.100033920489554
"1743","DEU","OMN",0.0929025720880644
"1744","BEL","OMN",0.0959063771483418
"1745","AUT","OMN",0.103652572767329
"1746","AUS","OMN",0.0740623107227357
"1747","ZAF","OMN",0.0569793593652906
"1748","TUR","OMN",0.133507571314507
"1749","THA","OMN",0.12457348620423
"1750","SAU","OMN",0.0865233738464425
"1751","PHL","OMN",0.0618460074201119
"1752","PER","OMN",0.120496128905692
"1753","PAK","OMN",0.049156861218119
"1754","MYS","OMN",0.0895553425295764
"1755","MEX","OMN",0.0870372514709827
"1756","KOR","OMN",0.179533531043414
"1757","IND","OMN",0.0959482391858241
"1758","IDN","OMN",0.135605946070044
"1759","EGY","OMN",0.0671464187391778
"1760","COL","OMN",0.0968854580755253
"1761","CHN","OMN",0.345256349562464
"1762","CHL","OMN",0.141628588097054
"1763","BRA","OMN",0.110408030294742
"1764","ARG","OMN",0.0755765471796977
"1766","KEN","OMN",0.0799639911338083
"1767","NGA","OMN",0.0968193627255104
"1768","MAR","OMN",0.0617669245935479
"1769","TUN","OMN",0.047789043803505
"1770","BGD","OMN",0.12749335056486
"1771","LKA","OMN",0.188457894162183
"1772","JAM","OMN",0.0829206719957362
"1773","PAN","OMN",0.0756764709220775
"1774","TTO","OMN",0.0379755314460014
"1775","BWA","OMN",0.113860120613107
"1776","ZWE","OMN",0.19660613948684
"1777","SWE","KEN",0.0964073742710043
"1778","SGP","KEN",0.145505621107751
"1779","PRT","KEN",0.137252045593268
"1780","NOR","KEN",0.0951778709626172
"1781","NLD","KEN",0.0937615078738153
"1782","JPN","KEN",0.151329586232353
"1783","ITA","KEN",0.119101540677647
"1784","IRL","KEN",0.14664274426959
"1785","HKG","KEN",0.12737396521097
"1786","GBR","KEN",0.10793360005932
"1787","FRA","KEN",0.112065417265203
"1788","FIN","KEN",0.0973123311876583
"1789","ESP","KEN",0.107238842047788
"1790","DNK","KEN",0.0863515101955891
"1791","DEU","KEN",0.0979259418923084
"1792","BEL","KEN",0.0945540364591243
"1793","AUT","KEN",0.0914456898774879
"1794","AUS","KEN",0.0648092570904363
"1795","ZAF","KEN",0.110226631060153
"1796","TUR","KEN",0.127127839368344
"1797","THA","KEN",0.117635598321056
"1798","SAU","KEN",0.109947605196326
"1799","PHL","KEN",0.0549521198464968
"1800","PER","KEN",0.112722410862951
"1801","PAK","KEN",0.037769316943864
"1802","MYS","KEN",0.0835308291886788
"1803","MEX","KEN",0.0904970119724582
"1804","KOR","KEN",0.173876957681416
"1805","IND","KEN",0.0662449757110107
"1806","IDN","KEN",0.103185591532222
"1807","EGY","KEN",0.0527361802338966
"1808","COL","KEN",0.0878569974787822
"1809","CHN","KEN",0.30826502213411
"1810","CHL","KEN",0.133080104468894
"1811","BRA","KEN",0.0983175593608299
"1812","ARG","KEN",0.0916037089959375
"1813","OMN","KEN",0.0799639911338083
"1815","NGA","KEN",0.113481036870752
"1816","MAR","KEN",0.0682472242179611
"1817","TUN","KEN",0.096554866280681
"1818","BGD","KEN",0.080249088459262
"1819","LKA","KEN",0.158182256387523
"1820","JAM","KEN",0.0835532069134941
"1821","PAN","KEN",0.0402852373850667
"1822","TTO","KEN",0.0662223095934656
"1823","BWA","KEN",0.100608202631461
"1824","ZWE","KEN",0.222476816691745
"1825","SWE","NGA",0.170434610763916
"1826","SGP","NGA",0.240944904841401
"1827","PRT","NGA",0.240944241998566
"1828","NOR","NGA",0.19941519080654
"1829","NLD","NGA",0.186742739043822
"1830","JPN","NGA",0.197057994862789
"1831","ITA","NGA",0.192517252053902
"1832","IRL","NGA",0.243410451926848
"1833","HKG","NGA",0.228756529149622
"1834","GBR","NGA",0.191553164369477
"1835","FRA","NGA",0.174947506812724
"1836","FIN","NGA",0.180536020659577
"1837","ESP","NGA",0.215032256225376
"1838","DNK","NGA",0.194836420090944
"1839","DEU","NGA",0.187705071689454
"1840","BEL","NGA",0.190708876749731
"1841","AUT","NGA",0.198455072368719
"1842","AUS","NGA",0.170623447223697
"1843","ZAF","NGA",0.111181507561492
"1844","TUR","NGA",0.223027141371843
"1845","THA","NGA",0.22018248684242
"1846","SAU","NGA",0.0793557828079502
"1847","PHL","NGA",0.156783642379834
"1848","PER","NGA",0.206172670727937
"1849","PAK","NGA",0.130168745888406
"1850","MYS","NGA",0.182729598702504
"1851","MEX","NGA",0.178614945378456
"1852","KOR","NGA",0.27166400094477
"1853","IND","NGA",0.16820399575681
"1854","IDN","NGA",0.194117821719064
"1855","EGY","NGA",0.159920603543873
"1856","COL","NGA",0.179596512370382
"1857","CHN","NGA",0.341211011559351
"1858","CHL","NGA",0.224818252641417
"1859","BRA","NGA",0.193249172993967
"1860","ARG","NGA",0.16813248504134
"1861","OMN","NGA",0.0968193627255104
"1862","KEN","NGA",0.113481036870752
"1864","MAR","NGA",0.156569424194937
"1865","TUN","NGA",0.143079958209577
"1866","BGD","NGA",0.181178191097091
"1867","LKA","NGA",0.245790015817836
"1868","JAM","NGA",0.179558533627091
"1869","PAN","NGA",0.13858955039907
"1870","TTO","NGA",0.0915731541252433
"1871","BWA","NGA",0.209077577070938
"1872","ZWE","NGA",0.176957284840385
"1873","SWE","MAR",0.0338822419092645
"1874","SGP","MAR",0.110037169634129
"1875","PRT","MAR",0.0938210018218578
"1876","NOR","MAR",0.0658221292228618
"1877","NLD","MAR",0.0316409893397688
"1878","JPN","MAR",0.0998492894234406
"1879","ITA","MAR",0.0520644478537629
"1880","IRL","MAR",0.126516650176968
"1881","HKG","MAR",0.0861824768463862
"1882","GBR","MAR",0.0434519731060277
"1883","FRA","MAR",0.0461844902130779
"1884","FIN","MAR",0.0290942482800681
"1885","ESP","MAR",0.0609121196795978
"1886","DNK","MAR",0.0384159206568637
"1887","DEU","MAR",0.0346138310152885
"1888","BEL","MAR",0.0344848089682333
"1889","AUT","MAR",0.0418856481737815
"1890","AUS","MAR",0.0413117893140308
"1891","ZAF","MAR",0.0532239059586083
"1892","TUR","MAR",0.125707127433304
"1893","THA","MAR",0.0756882617821844
"1894","SAU","MAR",0.142612359579471
"1895","PHL","MAR",0.0517383741849229
"1896","PER","MAR",0.095614819821657
"1897","PAK","MAR",0.0346695307494949
"1898","MYS","MAR",0.048898156616927
"1899","MEX","MAR",0.0442903661880076
"1900","KOR","MAR",0.136368769431745
"1901","IND","MAR",0.101990879611021
"1902","IDN","MAR",0.142466153103842
"1903","EGY","MAR",0.0450338192858225
"1904","COL","MAR",0.0735350943309655
"1905","CHN","MAR",0.356277492000248
"1906","CHL","MAR",0.108589730819606
"1907","BRA","MAR",0.0822946959152849
"1908","ARG","MAR",0.0674829902257355
"1909","OMN","MAR",0.0617669245935479
"1910","KEN","MAR",0.0682472242179611
"1911","NGA","MAR",0.156569424194937
"1913","TUN","MAR",0.0293311122702532
"1914","BGD","MAR",0.115927732489097
"1915","LKA","MAR",0.195318101195981
"1916","JAM","MAR",0.044720510905407
"1917","PAN","MAR",0.0708896160323225
"1918","TTO","MAR",0.0729345073484683
"1919","BWA","MAR",0.054540854417984
"1920","ZWE","MAR",0.233332642079637
"1921","SWE","TUN",0.0289229949203222
"1922","SGP","TUN",0.109872886373872
"1923","PRT","TUN",0.098095951866573
"1924","NOR","TUN",0.0738354666975165
"1925","NLD","TUN",0.044151195638928
"1926","JPN","TUN",0.0812118520813425
"1927","ITA","TUN",0.0500021707133279
"1928","IRL","TUN",0.124200378039159
"1929","HKG","TUN",0.0878311674052775
"1930","GBR","TUN",0.0489616209645828
"1931","FRA","TUN",0.0326297055319238
"1932","FIN","TUN",0.0392524771293463
"1933","ESP","TUN",0.0719522980157996
"1934","DNK","TUN",0.0522448766860494
"1935","DEU","TUN",0.0451135282845593
"1936","BEL","TUN",0.0481173333448368
"1937","AUT","TUN",0.0558635289638244
"1938","AUS","TUN",0.0671715699975212
"1939","ZAF","TUN",0.0574204733429259
"1940","TUR","TUN",0.141831402230972
"1941","THA","TUN",0.0876525696787673
"1942","SAU","TUN",0.13003099480636
"1943","PHL","TUN",0.0788037159461158
"1944","PER","TUN",0.121415474708781
"1945","PAK","TUN",0.0622901166066413
"1946","MYS","TUN",0.0749004952553102
"1947","MEX","TUN",0.0441260829277502
"1948","KOR","TUN",0.136181208897957
"1949","IND","TUN",0.127551266527052
"1950","IDN","TUN",0.168266807990965
"1951","EGY","TUN",0.0718180974459788
"1952","COL","TUN",0.0973327628173825
"1953","CHN","TUN",0.379981063826793
"1954","CHL","TUN",0.123607703097228
"1955","BRA","TUN",0.105724456409385
"1956","ARG","TUN",0.0592592145096115
"1957","OMN","TUN",0.047789043803505
"1958","KEN","TUN",0.096554866280681
"1959","NGA","TUN",0.143079958209577
"1960","MAR","TUN",0.0293311122702532
"1962","BGD","TUN",0.143676647344664
"1963","LKA","TUN",0.221118756083105
"1964","JAM","TUN",0.0416091578943793
"1965","PAN","TUN",0.0979549577935154
"1966","TTO","TUN",0.0602855505674974
"1967","BWA","TUN",0.0660710768096023
"1968","ZWE","TUN",0.232335423114209
"1969","SWE","BGD",0.143993404884009
"1970","SGP","BGD",0.0796064078913922
"1971","PRT","BGD",0.126153700568825
"1972","NOR","BGD",0.119143428902478
"1973","NLD","BGD",0.14136540118611
"1974","JPN","BGD",0.194206588424996
"1975","ITA","BGD",0.166782048948784
"1976","IRL","BGD",0.0793613926836426
"1977","HKG","BGD",0.107937885798134
"1978","GBR","BGD",0.155101514743158
"1979","FRA","BGD",0.159745925536339
"1980","FIN","BGD",0.144992839458794
"1981","ESP","BGD",0.139242380793787
"1982","DNK","BGD",0.133638975515178
"1983","DEU","BGD",0.145606450163445
"1984","BEL","BGD",0.142234544730261
"1985","AUT","BGD",0.138823553275092
"1986","AUS","BGD",0.102885873354361
"1987","ZAF","BGD",0.15711740826864
"1988","TUR","BGD",0.0887811269284465
"1989","THA","BGD",0.0710389370575378
"1990","SAU","BGD",0.175093949072799
"1991","PHL","BGD",0.0752135638874513
"1992","PER","BGD",0.0634535214277807
"1993","PAK","BGD",0.0838247577591087
"1994","MYS","BGD",0.0888985682627133
"1995","MEX","BGD",0.137618793036441
"1996","KOR","BGD",0.0938953323438936
"1997","IND","BGD",0.0440147557202473
"1998","IDN","BGD",0.0464735021662087
"1999","EGY","BGD",0.0905896539413958
"2000","COL","BGD",0.0955697492509886
"2001","CHN","BGD",0.263575723876262
"2002","CHL","BGD",0.0718793473397538
"2003","BRA","BGD",0.104847821398349
"2004","ARG","BGD",0.146584989751967
"2005","OMN","BGD",0.12749335056486
"2006","KEN","BGD",0.080249088459262
"2007","NGA","BGD",0.181178191097091
"2008","MAR","BGD",0.115927732489097
"2009","TUN","BGD",0.143676647344664
"2011","LKA","BGD",0.100671291130496
"2012","JAM","BGD",0.130674987977477
"2013","PAN","BGD",0.0554709879497162
"2014","TTO","BGD",0.113295284485971
"2015","BWA","BGD",0.122263434852191
"2016","ZWE","BGD",0.285053308518667
"2017","SWE","LKA",0.228857593060305
"2018","SGP","LKA",0.133196512746604
"2019","PRT","LKA",0.196800138560662
"2020","NOR","LKA",0.167950435918041
"2021","NLD","LKA",0.217478235439649
"2022","JPN","LKA",0.290755440074691
"2023","ITA","LKA",0.247382549049744
"2024","IRL","LKA",0.155664773809726
"2025","HKG","LKA",0.196262348040877
"2026","GBR","LKA",0.238584559949458
"2027","FRA","LKA",0.241214252162223
"2028","FIN","LKA",0.22403931454251
"2029","ESP","LKA",0.213121310525593
"2030","DNK","LKA",0.211521755281053
"2031","DEU","LKA",0.229508804731287
"2032","BEL","LKA",0.221842020445059
"2033","AUT","LKA",0.216704196969781
"2034","AUS","LKA",0.154419933381488
"2035","ZAF","LKA",0.238053623954663
"2036","TUR","LKA",0.111253657007527
"2037","THA","LKA",0.13491646001489
"2038","SAU","LKA",0.25946215187768
"2039","PHL","LKA",0.156173804448945
"2040","PER","LKA",0.100329870442045
"2041","PAK","LKA",0.174370348638416
"2042","MYS","LKA",0.14750852789527
"2043","MEX","LKA",0.22106683926898
"2044","KOR","LKA",0.124777667588318
"2045","IND","LKA",0.0935674895560528
"2046","IDN","LKA",0.0797533392431154
"2047","EGY","LKA",0.162457179448018
"2048","COL","LKA",0.12421743591777
"2049","CHN","LKA",0.163665723344019
"2050","CHL","LKA",0.101869137182562
"2051","BRA","LKA",0.123958410531074
"2052","ARG","LKA",0.242651458881482
"2053","OMN","LKA",0.188457894162183
"2054","KEN","LKA",0.158182256387523
"2055","NGA","LKA",0.245790015817836
"2056","MAR","LKA",0.195318101195981
"2057","TUN","LKA",0.221118756083105
"2058","BGD","LKA",0.100671291130496
"2060","JAM","LKA",0.214572356479075
"2061","PAN","LKA",0.14421938535814
"2062","TTO","LKA",0.175361735035677
"2063","BWA","LKA",0.198066573991912
"2064","ZWE","LKA",0.37180124838918
"2065","SWE","JAM",0.0558456615316625
"2066","SGP","JAM",0.0813758437324703
"2067","PRT","JAM",0.0643003640869447
"2068","NOR","JAM",0.0656313112416187
"2069","NLD","JAM",0.0241661762464535
"2070","JPN","JAM",0.096308613452092
"2071","ITA","JAM",0.053557378950795
"2072","IRL","JAM",0.105561343775978
"2073","HKG","JAM",0.054422283704647
"2074","GBR","JAM",0.0256667518309163
"2075","FRA","JAM",0.0608083710792753
"2076","FIN","JAM",0.0441851389010732
"2077","ESP","JAM",0.0369768314079285
"2078","DNK","JAM",0.0239817603112659
"2079","DEU","JAM",0.0563622767260462
"2080","BEL","JAM",0.0353077937606918
"2081","AUT","JAM",0.0307533069707684
"2082","AUS","JAM",0.0601524230975871
"2083","ZAF","JAM",0.095978013987782
"2084","TUR","JAM",0.133627246775075
"2085","THA","JAM",0.0796558964641845
"2086","SAU","JAM",0.16632146788435
"2087","PHL","JAM",0.0669507838936211
"2088","PER","JAM",0.11424248603703
"2089","PAK","JAM",0.0543909744019587
"2090","MYS","JAM",0.0670638285838048
"2091","MEX","JAM",0.0101420816762383
"2092","KOR","JAM",0.108644367197056
"2093","IND","JAM",0.121587884939055
"2094","IDN","JAM",0.161859808732826
"2095","EGY","JAM",0.0626335262083833
"2096","COL","JAM",0.0920414205028924
"2097","CHN","JAM",0.374689721512303
"2098","CHL","JAM",0.117135120497967
"2099","BRA","JAM",0.100265083554495
"2100","ARG","JAM",0.080826186926135
"2101","OMN","JAM",0.0829206719957362
"2102","KEN","JAM",0.0835532069134941
"2103","NGA","JAM",0.179558533627091
"2104","MAR","JAM",0.044720510905407
"2105","TUN","JAM",0.0416091578943793
"2106","BGD","JAM",0.130674987977477
"2107","LKA","JAM",0.214572356479075
"2109","PAN","JAM",0.0855096513119902
"2110","TTO","JAM",0.0938949056726888
"2111","BWA","JAM",0.0309394486173711
"2112","ZWE","JAM",0.270853759561869
"2113","SWE","PAN",0.0994239114690109
"2114","SGP","PAN",0.105496889774057
"2115","PRT","PAN",0.102730972583106
"2116","NOR","PAN",0.066423704384046
"2117","NLD","PAN",0.0963272847293348
"2118","JPN","PAN",0.151149022254535
"2119","ITA","PAN",0.121743932492009
"2120","IRL","PAN",0.108285392116162
"2121","HKG","PAN",0.0905432597341622
"2122","GBR","PAN",0.110950137257327
"2123","FRA","PAN",0.114911390804359
"2124","FIN","PAN",0.0999547230020196
"2125","ESP","PAN",0.0942042643370126
"2126","DNK","PAN",0.0886008590584029
"2127","DEU","PAN",0.10056833370667
"2128","BEL","PAN",0.0971964282734856
"2129","AUT","PAN",0.0937854368183167
"2130","AUS","PAN",0.0494151781555623
"2131","ZAF","PAN",0.110456107617783
"2132","TUR","PAN",0.0938258900072646
"2133","THA","PAN",0.0819692174269606
"2134","SAU","PAN",0.133960466092642
"2135","PHL","PAN",0.0215403559702102
"2136","PER","PAN",0.0730333218863375
"2137","PAK","PAN",0.0395980894463592
"2138","MYS","PAN",0.0446378779834883
"2139","MEX","PAN",0.09268316865564
"2140","KOR","PAN",0.134897849719784
"2141","IND","PAN",0.0567273885285213
"2142","IDN","PAN",0.0891791717432436
"2143","EGY","PAN",0.0351186659916797
"2144","COL","PAN",0.0502962309056811
"2145","CHN","PAN",0.306281393453297
"2146","CHL","PAN",0.0955131503885427
"2147","BRA","PAN",0.0660460735396488
"2148","ARG","PAN",0.101132514257191
"2149","OMN","PAN",0.0756764709220775
"2150","KEN","PAN",0.0402852373850667
"2151","NGA","PAN",0.13858955039907
"2152","MAR","PAN",0.0708896160323225
"2153","TUN","PAN",0.0979549577935154
"2154","BGD","PAN",0.0554709879497162
"2155","LKA","PAN",0.14421938535814
"2156","JAM","PAN",0.0855096513119902
"2158","TTO","PAN",0.0594854587668449
"2159","BWA","PAN",0.0720154151991957
"2160","ZWE","PAN",0.239381106860862
"2161","SWE","TTO",0.0892085454878195
"2162","SGP","TTO",0.151522864385884
"2163","PRT","TTO",0.153591557539013
"2164","NOR","TTO",0.114262956796797
"2165","NLD","TTO",0.102914473119386
"2166","JPN","TTO",0.139423757284628
"2167","ITA","TTO",0.110287721280825
"2168","IRL","TTO",0.154922329019695
"2169","HKG","TTO",0.141464399035247
"2170","GBR","TTO",0.10772489844504
"2171","FRA","TTO",0.0929152560994212
"2172","FIN","TTO",0.0995380276968436
"2173","ESP","TTO",0.130628599604285
"2174","DNK","TTO",0.111350428005332
"2175","DEU","TTO",0.104186879001827
"2176","BEL","TTO",0.106880610825294
"2177","AUT","TTO",0.114626806444282
"2178","AUS","TTO",0.0850365443996882
"2179","ZAF","TTO",0.0878666769672624
"2180","TUR","TTO",0.133108404740528
"2181","THA","TTO",0.132179256578566
"2182","SAU","TTO",0.116683119327759
"2183","PHL","TTO",0.070485107021812
"2184","PER","TTO",0.114599516602694
"2185","PAK","TTO",0.0493277873764376
"2186","MYS","TTO",0.0951783222538528
"2187","MEX","TTO",0.0889478536008975
"2188","KOR","TTO",0.182179819449722
"2189","IND","TTO",0.0856301262067442
"2190","IDN","TTO",0.122509786943537
"2191","EGY","TTO",0.0802265799864858
"2192","COL","TTO",0.0891540842960176
"2193","CHN","TTO",0.332176539404014
"2194","CHL","TTO",0.133245098516174
"2195","BRA","TTO",0.105002389521116
"2196","ARG","TTO",0.108894773599293
"2197","OMN","TTO",0.0379755314460014
"2198","KEN","TTO",0.0662223095934656
"2199","NGA","TTO",0.0915731541252433
"2200","MAR","TTO",0.0729345073484683
"2201","TUN","TTO",0.0602855505674974
"2202","BGD","TTO",0.113295284485971
"2203","LKA","TTO",0.175361735035677
"2204","JAM","TTO",0.0938949056726888
"2205","PAN","TTO",0.0594854587668449
"2207","BWA","TTO",0.12483435429006
"2208","ZWE","TTO",0.228793462264401
"2209","SWE","BWA",0.0478546990922697
"2210","SGP","BWA",0.0784900993093832
"2211","PRT","BWA",0.0552710253043502
"2212","NOR","BWA",0.0508942553166561
"2213","NLD","BWA",0.0279180971205097
"2214","JPN","BWA",0.108833207659707
"2215","ITA","BWA",0.0556023084918603
"2216","IRL","BWA",0.105605319978401
"2217","HKG","BWA",0.0503440846064506
"2218","GBR","BWA",0.0448875494139656
"2219","FRA","BWA",0.0488488029609974
"2220","FIN","BWA",0.0451103170885294
"2221","ESP","BWA",0.0252489705426363
"2222","DNK","BWA",0.020937501616641
"2223","DEU","BWA",0.0426653548849418
"2224","BEL","BWA",0.0307600815492438
"2225","AUT","BWA",0.0260231827783034
"2226","AUS","BWA",0.0436466406104239
"2227","ZAF","BWA",0.100166296319839
"2228","TUR","BWA",0.114122417636228
"2229","THA","BWA",0.0631501139770213
"2230","SAU","BWA",0.195840511328198
"2231","PHL","BWA",0.0543492472682478
"2232","PER","BWA",0.0977367035498664
"2233","PAK","BWA",0.0806057877232364
"2234","MYS","BWA",0.0506141101743668
"2235","MEX","BWA",0.0393292045737044
"2236","KOR","BWA",0.106500967141629
"2237","IND","BWA",0.105082102451892
"2238","IDN","BWA",0.145354026245663
"2239","EGY","BWA",0.0531297917479619
"2240","COL","BWA",0.0757365967598134
"2241","CHN","BWA",0.358863559140447
"2242","CHL","BWA",0.1015677188084
"2243","BRA","BWA",0.0847245336383613
"2244","ARG","BWA",0.0810666022917016
"2245","OMN","BWA",0.113860120613107
"2246","KEN","BWA",0.100608202631461
"2247","NGA","BWA",0.209077577070938
"2248","MAR","BWA",0.054540854417984
"2249","TUN","BWA",0.0660710768096023
"2250","BGD","BWA",0.122263434852191
"2251","LKA","BWA",0.198066573991912
"2252","JAM","BWA",0.0309394486173711
"2253","PAN","BWA",0.0720154151991957
"2254","TTO","BWA",0.12483435429006
"2256","ZWE","BWA",0.278059816117733
"2257","SWE","ZWE",0.231421782585154
"2258","SGP","ZWE",0.34220830948808
"2259","PRT","ZWE",0.327153643901494
"2260","NOR","ZWE",0.288248885502765
"2261","NLD","ZWE",0.264973631419405
"2262","JPN","ZWE",0.248778618866189
"2263","ITA","ZWE",0.250533167337728
"2264","IRL","ZWE",0.34668463906346
"2265","HKG","ZWE",0.319305644205888
"2266","GBR","ZWE",0.268066449744775
"2267","FRA","ZWE",0.239908681098262
"2268","FIN","ZWE",0.233469988721608
"2269","ESP","ZWE",0.289195390657432
"2270","DNK","ZWE",0.27030223804587
"2271","DEU","ZWE",0.255219577402467
"2272","BEL","ZWE",0.265402723494268
"2273","AUT","ZWE",0.27103765519178
"2274","AUS","ZWE",0.255039788008869
"2275","ZAF","ZWE",0.188273834960266
"2276","TUR","ZWE",0.329786540463524
"2277","THA","ZWE",0.308991466137606
"2278","SAU","ZWE",0.113771127366229
"2279","PHL","ZWE",0.253675437852739
"2280","PER","ZWE",0.312414428747199
"2281","PAK","ZWE",0.216958356717312
"2282","MYS","ZWE",0.280493975304562
"2283","MEX","ZWE",0.276461506041959
"2284","KOR","ZWE",0.368516632012166
"2285","IND","ZWE",0.281603084642173
"2286","IDN","ZWE",0.305507182531632
"2287","EGY","ZWE",0.256012043913752
"2288","COL","ZWE",0.289677337766543
"2289","CHN","ZWE",0.510234276541075
"2290","CHL","ZWE",0.334420467788072
"2291","BRA","ZWE",0.304269579828056
"2292","ARG","ZWE",0.263205371252289
"2293","OMN","ZWE",0.19660613948684
"2294","KEN","ZWE",0.222476816691745
"2295","NGA","ZWE",0.176957284840385
"2296","MAR","ZWE",0.233332642079637
"2297","TUN","ZWE",0.232335423114209
"2298","BGD","ZWE",0.285053308518667
"2299","LKA","ZWE",0.37180124838918
"2300","JAM","ZWE",0.270853759561869
"2301","PAN","ZWE",0.239381106860862
"2302","TTO","ZWE",0.228793462264401
"2303","BWA","ZWE",0.278059816117733
